0,118,130,1
1,118,130,-1
2,118,130,-1
3,118,130,-1
4,118,130,-1
5,118,130,-1
6,118,130,-1
7,118,130,-1
8,118,130,-1
9,118,130,-1
10,118,130,-1
11,118,130,-1
12,118,130,-1
13,118,131,1
14,118,131,-1
15,118,131,-1
16,118,131,-1
17,118,131,-1
18,118,131,-1
19,118,131,-1
20,118,131,-1
21,118,131,-1
22,118,131,-1
23,118,131,-1
24,118,131,-1
25,118,131,-1
26,118,131,-1
27,118,131,-1
28,118,131,-1
29,118,131,-1
30,118,131,-1
31,118,131,-1
32,118,131,-1
33,118,131,-1
34,118,131,-1
35,118,131,-1
36,118,131,-1
37,118,132,1
38,118,132,-1
39,118,132,-1
40,118,132,-1
41,118,132,-1
42,118,132,-1
43,118,132,-1
44,118,132,-1
45,118,132,-1
46,118,132,-1
47,118,132,-1
48,118,132,-1
49,118,132,-1
50,118,132,-1
51,118,132,-1
52,118,132,-1
53,118,132,-1
54,118,132,-1
55,118,132,-1
56,118,132,-1
57,118,132,-1
58,118,132,-1
59,118,132,-1
60,118,132,-1
61,118,132,-1
62,118,132,-1
63,119,133,1
64,119,133,-1
65,119,133,-1
66,119,133,-1
67,119,133,-1
68,119,133,-1
69,119,133,-1
70,119,133,-1
71,119,133,-1
72,119,133,-1
73,119,133,-1
74,119,133,-1
75,119,133,-1
76,119,133,-1
77,119,133,-1
78,119,133,-1
79,119,133,-1
80,119,133,-1
81,119,133,-1
82,119,133,-1
83,119,133,-1
84,119,133,-1
85,119,133,-1
86,119,133,-1
87,119,133,-1
88,119,133,-1
89,119,134,1
90,119,134,-1
91,119,134,-1
92,119,134,-1
93,119,134,-1
94,119,134,-1
95,119,134,-1
96,119,134,-1
97,119,134,-1
98,119,134,-1
99,119,134,-1
100,119,134,-1
101,119,134,-1
102,119,134,-1
103,119,134,-1
104,119,134,-1
105,119,134,-1
106,119,134,-1
107,119,134,-1
108,119,134,-1
109,119,134,-1
110,119,134,-1
111,119,134,-1
112,119,134,-1
113,119,134,-1
114,119,134,-1
115,119,134,-1
116,119,134,-1
117,120,135,1
118,120,135,-1
119,120,135,-1
120,120,135,-1
121,120,135,-1
122,120,135,-1
123,120,135,-1
124,120,135,-1
125,120,135,-1
126,120,135,-1
127,120,135,-1
128,120,135,-1
129,120,135,-1
130,120,135,-1
131,120,135,-1
132,120,135,-1
133,120,135,-1
134,120,135,-1
135,120,135,-1
136,120,135,-1
137,120,135,-1
138,120,135,-1
139,120,135,-1
140,120,135,-1
141,120,135,-1
142,120,135,-1
143,120,135,-1
144,120,136,1
145,120,136,-1
146,120,136,-1
147,120,136,-1
148,120,136,-1
149,120,136,-1
150,120,136,-1
151,120,136,-1
152,120,136,-1
153,120,136,-1
154,120,136,-1
155,120,136,-1
156,120,136,-1
157,120,136,-1
158,120,136,-1
159,120,136,-1
160,120,136,-1
161,120,136,-1
162,120,136,-1
163,120,136,-1
164,120,136,-1
165,120,136,-1
166,120,136,-1
167,120,136,-1
168,120,136,-1
169,120,136,-1
170,120,136,-1
171,121,137,1
172,121,137,-1
173,121,137,-1
174,121,137,-1
175,121,137,-1
176,121,137,-1
177,121,137,-1
178,121,137,-1
179,121,137,-1
180,121,137,-1
181,121,137,-1
182,121,137,-1
183,121,137,-1
184,121,137,-1
185,121,137,-1
186,121,137,-1
187,121,137,-1
188,121,137,-1
189,121,137,-1
190,121,137,-1
191,121,137,-1
192,121,137,-1
193,121,137,-1
194,121,137,-1
195,121,137,-1
196,121,137,-1
197,121,137,-1
198,121,137,-1
199,121,137,-1
200,121,137,-1
201,121,137,-1
202,121,137,-1
203,121,137,-1
204,122,138,1
205,122,138,-1
206,122,138,-1
207,122,138,-1
208,122,138,-1
209,122,138,-1
210,122,138,-1
211,122,138,-1
212,122,138,-1
213,122,138,-1
214,122,138,-1
215,122,138,-1
216,122,138,-1
217,122,138,-1
218,122,138,-1
219,122,138,-1
220,122,138,-1
221,122,138,-1
222,122,138,-1
223,122,138,-1
224,122,138,-1
225,122,138,-1
226,122,138,-1
227,122,138,-1
228,122,138,-1
229,122,138,-1
230,122,138,-1
231,122,138,-1
232,122,138,-1
233,122,138,-1
234,122,138,-1
235,122,138,-1
236,122,138,-1
237,122,138,-1
238,123,139,1
239,123,139,-1
240,123,139,-1
241,123,139,-1
242,123,139,-1
243,123,139,-1
244,123,139,-1
245,123,139,-1
246,123,139,-1
247,123,139,-1
248,123,139,-1
249,123,139,-1
250,123,139,-1
251,123,139,-1
252,123,139,-1
253,123,139,-1
254,123,139,-1
255,123,139,-1
256,123,139,-1
257,123,139,-1
258,123,139,-1
259,123,139,-1
260,123,139,-1
261,123,139,-1
262,123,139,-1
263,123,139,-1
264,123,139,-1
265,123,139,-1
266,123,139,-1
267,123,139,-1
268,123,139,-1
269,123,139,-1
270,123,139,-1
271,124,140,1
272,124,140,-1
273,124,140,-1
274,124,140,-1
275,124,140,-1
276,124,140,-1
277,124,140,-1
278,124,140,-1
279,124,140,-1
280,124,140,-1
281,124,140,-1
282,124,140,-1
283,124,140,-1
284,124,140,-1
285,124,140,-1
286,124,140,-1
287,124,140,-1
288,124,140,-1
289,124,140,-1
290,124,140,-1
291,124,140,-1
292,124,140,-1
293,124,140,-1
294,124,140,-1
295,124,140,-1
296,124,140,-1
297,124,140,-1
298,124,140,-1
299,124,140,-1
300,124,140,-1
301,124,140,-1
302,125,141,1
303,125,141,-1
304,125,141,-1
305,125,141,-1
306,125,141,-1
307,125,141,-1
308,125,141,-1
309,125,141,-1
310,125,141,-1
311,125,141,-1
312,125,141,-1
313,125,141,-1
314,125,141,-1
315,125,141,-1
316,125,141,-1
317,125,141,-1
318,125,141,-1
319,125,141,-1
320,125,141,-1
321,125,141,-1
322,125,141,-1
323,125,141,-1
324,125,141,-1
325,125,141,-1
326,125,141,-1
327,125,141,-1
328,126,141,1
329,126,141,-1
330,126,141,-1
331,126,141,-1
332,126,141,-1
333,126,141,-1
334,126,141,-1
335,126,141,-1
336,126,141,-1
337,126,141,-1
338,126,141,-1
339,126,141,-1
340,126,141,-1
341,126,141,-1
342,126,141,-1
343,126,141,-1
344,126,141,-1
345,126,141,-1
346,126,141,-1
347,126,141,-1
348,126,141,-1
349,126,141,-1
350,126,141,-1
351,126,141,-1
352,127,142,1
353,127,142,-1
354,127,142,-1
355,127,142,-1
356,127,142,-1
357,127,142,-1
358,127,142,-1
359,127,142,-1
360,127,142,-1
361,127,142,-1
362,127,142,-1
363,127,142,-1
364,127,142,-1
365,127,142,-1
366,127,142,-1
367,127,142,-1
368,127,142,-1
369,127,142,-1
370,127,142,-1
371,127,142,-1
372,127,142,-1
373,127,142,-1
374,127,142,-1
375,127,142,-1
376,128,142,1
377,128,142,-1
378,128,142,-1
379,128,142,-1
380,128,142,-1
381,128,142,-1
382,128,142,-1
383,128,142,-1
384,128,142,-1
385,128,142,-1
386,128,142,-1
387,128,142,-1
388,128,142,-1
389,128,142,-1
390,128,142,-1
391,128,142,-1
392,128,142,-1
393,128,142,-1
394,128,142,-1
395,128,142,-1
396,128,142,-1
397,128,142,-1
398,128,142,-1
399,129,143,1
400,129,143,-1
401,129,143,-1
402,129,143,-1
403,129,143,-1
404,129,143,-1
405,129,143,-1
406,129,143,-1
407,129,143,-1
408,129,143,-1
409,129,143,-1
410,129,143,-1
411,129,143,-1
412,129,143,-1
413,129,143,-1
414,129,143,-1
415,129,143,-1
416,129,143,-1
417,129,143,-1
418,129,143,-1
419,129,143,-1
420,129,143,-1
421,130,142,1
422,130,142,-1
423,130,142,-1
424,130,142,-1
425,130,142,-1
426,130,142,-1
427,130,142,-1
428,130,142,-1
429,130,142,-1
430,130,142,-1
431,131,142,1
432,131,142,-1
433,131,142,-1
434,131,142,-1
435,131,142,-1
436,131,142,-1
437,131,142,-1
438,131,142,-1
439,131,142,-1
440,131,142,-1
441,131,142,-1
442,131,142,-1
443,131,142,-1
444,131,142,-1
445,131,142,-1
446,131,142,-1
447,131,142,-1
448,131,142,-1
449,131,142,-1
450,131,142,-1
451,131,142,-1
452,131,142,-1
453,131,142,-1
454,131,142,-1
455,131,142,-1
456,131,142,-1
457,131,142,-1
458,131,142,-1
459,131,142,-1
460,131,142,-1
461,131,142,-1
462,131,142,-1
463,131,142,-1
464,131,142,-1
465,131,142,-1
466,132,141,1
467,132,141,-1
468,132,141,-1
469,132,141,-1
470,132,141,-1
471,132,141,-1
472,132,141,-1
473,132,141,-1
474,132,141,-1
475,132,141,-1
476,132,141,-1
477,132,141,-1
478,132,141,-1
479,132,141,-1
480,132,141,-1
481,132,141,-1
482,132,141,-1
483,132,141,-1
484,132,141,-1
485,132,141,-1
486,132,141,-1
487,132,141,-1
488,132,141,-1
489,132,141,-1
490,133,141,1
491,133,141,-1
492,133,141,-1
493,133,141,-1
494,133,141,-1
495,133,141,-1
496,133,141,-1
497,133,141,-1
498,133,141,-1
499,133,141,-1
500,133,141,-1
501,133,141,-1
502,133,141,-1
503,133,141,-1
504,133,141,-1
505,133,141,-1
506,133,141,-1
507,133,141,-1
508,133,141,-1
509,133,141,-1
510,133,141,-1
511,133,141,-1
512,133,141,-1
513,133,141,-1
514,133,141,-1
515,133,141,-1
516,133,141,-1
517,134,140,1
518,134,140,-1
519,134,140,-1
520,134,140,-1
521,134,140,-1
522,134,140,-1
523,134,140,-1
524,134,140,-1
525,134,140,-1
526,134,140,-1
527,134,140,-1
528,134,140,-1
529,134,140,-1
530,134,140,-1
531,134,140,-1
532,134,140,-1
533,134,140,-1
534,134,140,-1
535,134,140,-1
536,134,140,-1
537,134,140,-1
538,134,140,-1
539,134,140,-1
540,134,140,-1
541,134,140,-1
542,134,140,-1
543,135,140,1
544,135,140,-1
545,135,140,-1
546,135,140,-1
547,135,140,-1
548,135,140,-1
549,135,140,-1
550,135,140,-1
551,135,140,-1
552,135,140,-1
553,135,140,-1
554,135,140,-1
555,135,140,-1
556,135,140,-1
557,135,140,-1
558,135,140,-1
559,135,140,-1
560,135,140,-1
561,135,140,-1
562,135,140,-1
563,135,140,-1
564,135,140,-1
565,136,140,1
566,136,140,-1
567,136,140,-1
568,136,140,-1
569,136,140,-1
570,136,140,-1
571,136,140,-1
572,136,140,-1
573,136,140,-1
574,136,140,-1
575,136,140,-1
576,136,140,-1
577,136,140,-1
578,136,140,-1
579,136,140,-1
580,136,140,-1
581,136,140,-1
582,136,140,-1
583,136,140,-1
584,136,140,-1
585,136,140,-1
586,136,140,-1
587,136,140,-1
588,136,140,-1
589,136,140,-1
590,136,140,-1
591,136,140,-1
592,137,139,1
593,137,139,-1
594,137,139,-1
595,137,139,-1
596,137,139,-1
597,137,139,-1
598,137,139,-1
599,137,139,-1
600,137,139,-1
601,137,139,-1
602,137,139,-1
603,137,139,-1
604,137,139,-1
605,137,139,-1
606,137,139,-1
607,137,139,-1
608,137,139,-1
609,137,139,-1
610,137,139,-1
611,137,139,-1
612,137,139,-1
613,137,139,-1
614,137,139,-1
615,137,139,-1
616,137,139,-1
617,137,139,-1
618,137,139,-1
619,137,139,-1
620,137,139,-1
621,137,139,-1
622,137,139,-1
623,137,139,-1
624,138,138,1
625,138,138,-1
626,138,138,-1
627,138,138,-1
628,138,138,-1
629,138,138,-1
630,138,138,-1
631,138,138,-1
632,138,138,-1
633,138,138,-1
634,138,138,-1
635,138,138,-1
636,138,138,-1
637,138,138,-1
638,138,138,-1
639,138,138,-1
640,138,138,-1
641,138,138,-1
642,138,138,-1
643,138,138,-1
644,138,138,-1
645,138,138,-1
646,138,138,-1
647,138,138,-1
648,138,138,-1
649,138,138,-1
650,138,138,-1
651,138,138,-1
652,138,138,-1
653,138,138,-1
654,138,138,-1
655,138,138,-1
656,138,138,-1
657,138,138,-1
658,139,137,1
659,139,137,-1
660,139,137,-1
661,139,137,-1
662,139,137,-1
663,139,137,-1
664,139,137,-1
665,139,137,-1
666,139,137,-1
667,139,137,-1
668,139,137,-1
669,139,137,-1
670,139,137,-1
671,139,137,-1
672,139,137,-1
673,139,137,-1
674,139,137,-1
675,139,137,-1
676,139,137,-1
677,139,137,-1
678,139,137,-1
679,139,137,-1
680,139,137,-1
681,139,137,-1
682,139,137,-1
683,139,137,-1
684,139,137,-1
685,139,137,-1
686,139,137,-1
687,139,137,-1
688,139,137,-1
689,139,137,-1
690,139,137,-1
691,139,137,-1
692,140,136,1
693,140,136,-1
694,140,136,-1
695,140,136,-1
696,140,136,-1
697,140,136,-1
698,140,136,-1
699,140,136,-1
700,140,136,-1
701,140,136,-1
702,140,136,-1
703,140,136,-1
704,140,136,-1
705,140,136,-1
706,140,136,-1
707,140,136,-1
708,140,136,-1
709,140,136,-1
710,140,136,-1
711,140,136,-1
712,140,136,-1
713,140,136,-1
714,140,136,-1
715,140,136,-1
716,140,136,-1
717,140,136,-1
718,140,136,-1
719,140,136,-1
720,140,136,-1
721,140,136,-1
722,140,136,-1
723,140,136,-1
724,140,136,-1
725,141,135,1
726,141,135,-1
727,141,135,-1
728,141,135,-1
729,141,135,-1
730,141,135,-1
731,141,135,-1
732,141,135,-1
733,141,135,-1
734,141,135,-1
735,141,135,-1
736,141,135,-1
737,141,135,-1
738,141,135,-1
739,141,135,-1
740,141,135,-1
741,141,135,-1
742,141,135,-1
743,141,135,-1
744,141,135,-1
745,141,135,-1
746,141,135,-1
747,141,135,-1
748,141,135,-1
749,141,135,-1
750,141,135,-1
751,141,134,1
752,141,134,-1
753,141,134,-1
754,141,134,-1
755,141,134,-1
756,141,134,-1
757,141,134,-1
758,141,134,-1
759,141,134,-1
760,141,134,-1
761,141,134,-1
762,141,134,-1
763,141,134,-1
764,141,134,-1
765,141,134,-1
766,141,134,-1
767,141,134,-1
768,141,134,-1
769,141,134,-1
770,141,134,-1
771,141,134,-1
772,141,134,-1
773,141,134,-1
774,141,134,-1
775,141,134,-1
776,141,134,-1
777,142,133,1
778,142,133,-1
779,142,133,-1
780,142,133,-1
781,142,133,-1
782,142,133,-1
783,142,133,-1
784,142,133,-1
785,142,133,-1
786,142,133,-1
787,142,133,-1
788,142,133,-1
789,142,133,-1
790,142,133,-1
791,142,133,-1
792,142,133,-1
793,142,133,-1
794,142,133,-1
795,142,133,-1
796,142,133,-1
797,142,133,-1
798,142,133,-1
799,142,133,-1
800,142,133,-1
801,142,133,-1
802,142,133,-1
803,142,132,1
804,142,132,-1
805,142,132,-1
806,142,132,-1
807,142,132,-1
808,142,132,-1
809,142,132,-1
810,142,132,-1
811,142,132,-1
812,142,132,-1
813,142,132,-1
814,142,132,-1
815,142,132,-1
816,142,132,-1
817,142,132,-1
818,142,132,-1
819,142,132,-1
820,142,132,-1
821,142,132,-1
822,142,132,-1
823,142,132,-1
824,142,132,-1
825,142,132,-1
826,142,131,1
827,142,131,-1
828,142,131,-1
829,142,131,-1
830,142,131,-1
831,142,131,-1
832,142,131,-1
833,142,131,-1
834,142,131,-1
835,142,131,-1
836,142,131,-1
837,142,131,-1
838,142,131,-1
839,142,131,-1
840,142,131,-1
841,142,131,-1
842,142,131,-1
843,142,131,-1
844,142,131,-1
845,142,131,-1
846,142,131,-1
847,142,131,-1
848,142,131,-1
849,142,130,1
850,142,130,-1
851,142,130,-1
852,142,130,-1
853,142,130,-1
854,142,130,-1
855,142,130,-1
856,142,130,-1
857,142,130,-1
858,142,130,-1
859,142,130,-1
860,142,130,-1
861,142,130,-1
862,142,130,-1
863,142,130,-1
864,142,130,-1
865,142,130,-1
866,142,130,-1
867,142,130,-1
868,142,130,-1
869,142,130,-1
870,142,130,-1
871,142,130,-1
872,142,130,-1
873,142,129,1
874,142,129,-1
875,142,129,-1
876,142,129,-1
877,142,129,-1
878,142,129,-1
879,142,129,-1
880,142,129,-1
881,142,129,-1
882,142,129,-1
883,142,129,-1
884,142,129,-1
885,142,129,-1
886,142,129,-1
887,142,129,-1
888,142,129,-1
889,142,129,-1
890,142,129,-1
891,142,129,-1
892,142,129,-1
893,142,129,-1
894,142,129,-1
895,142,129,-1
896,142,129,-1
897,142,128,1
898,142,128,-1
899,142,128,-1
900,142,128,-1
901,142,128,-1
902,142,128,-1
903,142,128,-1
904,142,128,-1
905,142,128,-1
906,142,128,-1
907,142,128,-1
908,142,128,-1
909,142,128,-1
910,142,128,-1
911,142,128,-1
912,142,128,-1
913,142,128,-1
914,142,128,-1
915,142,128,-1
916,142,128,-1
917,142,128,-1
918,142,128,-1
919,142,128,-1
920,142,128,-1
921,142,128,-1
922,142,128,-1
923,141,127,1
924,141,127,-1
925,141,127,-1
926,141,127,-1
927,141,127,-1
928,141,127,-1
929,141,127,-1
930,141,127,-1
931,141,127,-1
932,141,127,-1
933,141,127,-1
934,141,127,-1
935,141,127,-1
936,141,127,-1
937,141,127,-1
938,141,127,-1
939,141,127,-1
940,141,127,-1
941,141,127,-1
942,141,127,-1
943,141,127,-1
944,141,127,-1
945,141,127,-1
946,141,127,-1
947,141,127,-1
948,141,127,-1
949,141,126,1
950,141,126,-1
951,141,126,-1
952,141,126,-1
953,141,126,-1
954,141,126,-1
955,141,126,-1
956,141,126,-1
957,141,126,-1
958,141,126,-1
959,141,126,-1
960,141,126,-1
961,141,126,-1
962,141,126,-1
963,141,126,-1
964,141,126,-1
965,141,126,-1
966,141,126,-1
967,141,126,-1
968,141,126,-1
969,141,126,-1
970,141,126,-1
971,141,126,-1
972,141,126,-1
973,141,126,-1
974,141,126,-1
975,141,126,-1
976,141,126,-1
977,141,126,-1
978,140,125,1
979,140,125,-1
980,140,125,-1
981,140,125,-1
982,140,125,-1
983,140,125,-1
984,140,125,-1
985,140,125,-1
986,140,125,-1
987,140,125,-1
988,140,125,-1
989,140,125,-1
990,140,125,-1
991,140,125,-1
992,140,125,-1
993,140,125,-1
994,140,125,-1
995,140,125,-1
996,140,125,-1
997,140,125,-1
998,140,125,-1
999,140,125,-1
1000,140,125,-1
1001,140,125,-1
1002,140,125,-1
1003,140,125,-1
1004,140,125,-1
1005,140,125,-1
1006,140,125,-1
1007,140,125,-1
1008,140,125,-1
1009,140,125,-1
1010,140,125,-1
1011,140,125,-1
1012,140,125,-1
1013,139,124,1
1014,139,124,-1
1015,139,124,-1
1016,139,124,-1
1017,139,124,-1
1018,139,124,-1
1019,139,124,-1
1020,139,124,-1
1021,139,124,-1
1022,139,124,-1
1023,139,124,-1
1024,139,124,-1
1025,139,124,-1
1026,139,124,-1
1027,139,124,-1
1028,139,124,-1
1029,139,124,-1
1030,139,124,-1
1031,139,124,-1
1032,139,124,-1
1033,139,124,-1
1034,139,124,-1
1035,139,124,-1
1036,139,124,-1
1037,139,124,-1
1038,139,124,-1
1039,139,124,-1
1040,139,124,-1
1041,139,124,-1
1042,139,124,-1
1043,139,123,1
1044,139,123,-1
1045,139,123,-1
1046,139,123,-1
1047,139,123,-1
1048,139,123,-1
1049,139,123,-1
1050,139,123,-1
1051,139,123,-1
1052,139,123,-1
1053,139,123,-1
1054,139,123,-1
1055,139,123,-1
1056,139,123,-1
1057,139,123,-1
1058,139,123,-1
1059,139,123,-1
1060,139,123,-1
1061,139,123,-1
1062,139,123,-1
1063,139,123,-1
1064,139,123,-1
1065,139,123,-1
1066,139,123,-1
1067,139,123,-1
1068,139,123,-1
1069,139,123,-1
1070,139,123,-1
1071,139,123,-1
1072,139,123,-1
1073,139,123,-1
1074,138,122,1
1075,138,122,-1
1076,138,122,-1
1077,138,122,-1
1078,138,122,-1
1079,138,122,-1
1080,138,122,-1
1081,138,122,-1
1082,138,122,-1
1083,138,122,-1
1084,138,122,-1
1085,138,122,-1
1086,138,122,-1
1087,138,122,-1
1088,138,122,-1
1089,138,122,-1
1090,138,122,-1
1091,138,122,-1
1092,138,122,-1
1093,138,122,-1
1094,138,122,-1
1095,138,122,-1
1096,138,122,-1
1097,138,122,-1
1098,138,122,-1
1099,138,122,-1
1100,138,122,-1
1101,138,122,-1
1102,138,122,-1
1103,138,122,-1
1104,138,122,-1
1105,138,122,-1
1106,138,122,-1
1107,138,122,-1
1108,138,122,-1
1109,138,122,-1
1110,138,122,-1
1111,138,122,-1
1112,137,121,1
1113,137,121,-1
1114,137,121,-1
1115,137,121,-1
1116,137,121,-1
1117,137,121,-1
1118,137,121,-1
1119,137,121,-1
1120,137,121,-1
1121,137,121,-1
1122,137,121,-1
1123,137,121,-1
1124,137,121,-1
1125,137,121,-1
1126,137,121,-1
1127,137,121,-1
1128,137,121,-1
1129,137,121,-1
1130,137,121,-1
1131,137,121,-1
1132,137,121,-1
1133,137,121,-1
1134,137,121,-1
1135,137,121,-1
1136,137,121,-1
1137,137,121,-1
1138,137,121,-1
1139,137,121,-1
1140,137,121,-1
1141,137,121,-1
1142,137,121,-1
1143,137,121,-1
1144,137,121,-1
1145,137,121,-1
1146,137,121,-1
1147,137,121,-1
1148,137,121,-1
1149,137,121,-1
1150,136,120,1
1151,136,120,-1
1152,136,120,-1
1153,136,120,-1
1154,136,120,-1
1155,136,120,-1
1156,136,120,-1
1157,136,120,-1
1158,136,120,-1
1159,136,120,-1
1160,136,120,-1
1161,136,120,-1
1162,136,120,-1
1163,136,120,-1
1164,136,120,-1
1165,136,120,-1
1166,136,120,-1
1167,136,120,-1
1168,136,120,-1
1169,136,120,-1
1170,136,120,-1
1171,136,120,-1
1172,136,120,-1
1173,136,120,-1
1174,136,120,-1
1175,136,120,-1
1176,136,120,-1
1177,136,120,-1
1178,136,120,-1
1179,136,120,-1
1180,136,120,-1
1181,136,120,-1
1182,136,120,-1
1183,136,120,-1
1184,136,120,-1
1185,136,120,-1
1186,136,120,-1
1187,135,119,1
1188,135,119,-1
1189,135,119,-1
1190,135,119,-1
1191,135,119,-1
1192,135,119,-1
1193,135,119,-1
1194,135,119,-1
1195,135,119,-1
1196,135,119,-1
1197,135,119,-1
1198,135,119,-1
1199,135,119,-1
1200,135,119,-1
1201,135,119,-1
1202,135,119,-1
1203,135,119,-1
1204,135,119,-1
1205,135,119,-1
1206,135,119,-1
1207,135,119,-1
1208,135,119,-1
1209,135,119,-1
1210,135,119,-1
1211,135,119,-1
1212,135,119,-1
1213,135,119,-1
1214,135,119,-1
1215,135,119,-1
1216,135,119,-1
1217,135,119,-1
1218,135,119,-1
1219,135,119,-1
1220,135,119,-1
1221,134,118,1
1222,134,118,-1
1223,134,118,-1
1224,134,118,-1
1225,134,118,-1
1226,134,118,-1
1227,134,118,-1
1228,134,118,-1
1229,134,118,-1
1230,134,118,-1
1231,134,118,-1
1232,134,118,-1
1233,134,118,-1
1234,134,118,-1
1235,134,118,-1
1236,134,118,-1
1237,134,118,-1
1238,134,118,-1
1239,134,118,-1
1240,134,118,-1
1241,134,118,-1
1242,134,118,-1
1243,134,118,-1
1244,134,118,-1
1245,134,118,-1
1246,134,118,-1
1247,134,118,-1
1248,134,118,-1
1249,134,118,-1
1250,134,118,-1
1251,134,118,-1
1252,134,118,-1
1253,133,117,1
1254,133,117,-1
1255,133,117,-1
1256,133,117,-1
1257,133,117,-1
1258,133,117,-1
1259,133,117,-1
1260,133,117,-1
1261,133,117,-1
1262,133,117,-1
1263,133,117,-1
1264,133,117,-1
1265,133,117,-1
1266,133,117,-1
1267,133,117,-1
1268,133,117,-1
1269,133,117,-1
1270,133,117,-1
1271,133,117,-1
1272,133,117,-1
1273,133,117,-1
1274,133,117,-1
1275,133,117,-1
1276,133,117,-1
1277,133,117,-1
1278,133,117,-1
1279,133,117,-1
1280,133,117,-1
1281,132,116,1
1282,132,116,-1
1283,132,116,-1
1284,132,116,-1
1285,132,116,-1
1286,132,116,-1
1287,132,116,-1
1288,132,116,-1
1289,132,116,-1
1290,132,116,-1
1291,132,116,-1
1292,132,116,-1
1293,132,116,-1
1294,132,116,-1
1295,132,116,-1
1296,132,116,-1
1297,132,116,-1
1298,132,116,-1
1299,132,116,-1
1300,132,116,-1
1301,132,116,-1
1302,132,116,-1
1303,132,116,-1
1304,132,116,-1
1305,132,116,-1
1306,131,116,1
1307,131,116,-1
1308,131,116,-1
1309,131,116,-1
1310,131,116,-1
1311,131,116,-1
1312,131,116,-1
1313,131,116,-1
1314,131,116,-1
1315,131,116,-1
1316,131,116,-1
1317,131,116,-1
1318,131,116,-1
1319,131,116,-1
1320,131,116,-1
1321,131,116,-1
1322,131,116,-1
1323,131,116,-1
1324,131,116,-1
1325,131,116,-1
1326,131,116,-1
1327,131,116,-1
1328,130,116,1
1329,130,116,-1
1330,130,116,-1
1331,130,116,-1
1332,130,116,-1
1333,130,116,-1
1334,130,116,-1
1335,130,116,-1
1336,130,116,-1
1337,130,116,-1
1338,130,116,-1
1339,130,116,-1
1340,130,116,-1
1341,130,116,-1
1342,130,116,-1
1343,130,116,-1
1344,130,116,-1
1345,130,116,-1
1346,130,116,-1
1347,130,116,-1
1348,130,116,-1
1349,130,116,-1
1350,129,116,1
1351,129,116,-1
1352,129,116,-1
1353,129,116,-1
1354,129,116,-1
1355,129,116,-1
1356,129,116,-1
1357,129,116,-1
1358,129,116,-1
1359,129,116,-1
1360,129,116,-1
1361,129,116,-1
1362,129,116,-1
1363,129,116,-1
1364,129,116,-1
1365,129,116,-1
1366,129,116,-1
1367,129,116,-1
1368,129,116,-1
1369,129,116,-1
1370,129,116,-1
1371,129,116,-1
1372,129,116,-1
1373,129,116,-1
1374,128,117,1
1375,128,117,-1
1376,128,117,-1
1377,128,117,-1
1378,128,117,-1
1379,128,117,-1
1380,128,117,-1
1381,128,117,-1
1382,128,117,-1
1383,128,117,-1
1384,128,117,-1
1385,128,117,-1
1386,128,117,-1
1387,128,117,-1
1388,128,117,-1
1389,128,117,-1
1390,128,117,-1
1391,128,117,-1
1392,128,117,-1
1393,128,117,-1
1394,128,117,-1
1395,128,117,-1
1396,128,117,-1
1397,128,117,-1
1398,127,117,1
1399,127,117,-1
1400,127,117,-1
1401,127,117,-1
1402,127,117,-1
1403,127,117,-1
1404,127,117,-1
1405,127,117,-1
1406,127,117,-1
1407,127,117,-1
1408,127,117,-1
1409,127,117,-1
1410,127,117,-1
1411,127,117,-1
1412,127,117,-1
1413,127,117,-1
1414,127,117,-1
1415,127,117,-1
1416,127,117,-1
1417,127,117,-1
1418,127,117,-1
1419,127,117,-1
1420,127,117,-1
1421,126,117,1
1422,126,117,-1
1423,126,117,-1
1424,126,117,-1
1425,126,117,-1
1426,126,117,-1
1427,126,117,-1
1428,126,117,-1
1429,126,117,-1
1430,126,117,-1
1431,126,117,-1
1432,126,117,-1
1433,126,117,-1
1434,126,117,-1
1435,126,117,-1
1436,126,117,-1
1437,126,117,-1
1438,126,117,-1
1439,126,117,-1
1440,126,117,-1
1441,126,117,-1
1442,126,117,-1
1443,126,117,-1
1444,126,117,-1
1445,126,117,-1
1446,126,117,-1
1447,125,118,1
1448,125,118,-1
1449,125,118,-1
1450,125,118,-1
1451,125,118,-1
1452,125,118,-1
1453,125,118,-1
1454,125,118,-1
1455,125,118,-1
1456,125,118,-1
1457,125,118,-1
1458,125,118,-1
1459,125,118,-1
1460,125,118,-1
1461,125,118,-1
1462,125,118,-1
1463,125,118,-1
1464,125,118,-1
1465,125,118,-1
1466,125,118,-1
1467,125,118,-1
1468,125,118,-1
1469,125,118,-1
1470,125,118,-1
1471,125,118,-1
1472,124,118,1
1473,124,118,-1
1474,124,118,-1
1475,124,118,-1
1476,124,118,-1
1477,124,118,-1
1478,124,118,-1
1479,124,118,-1
1480,124,118,-1
1481,124,118,-1
1482,124,118,-1
1483,124,118,-1
1484,124,118,-1
1485,124,118,-1
1486,124,118,-1
1487,124,118,-1
1488,124,118,-1
1489,124,118,-1
1490,124,118,-1
1491,124,118,-1
1492,124,118,-1
1493,124,118,-1
1494,124,118,-1
1495,124,118,-1
1496,124,118,-1
1497,124,118,-1
1498,124,118,-1
1499,123,119,1
1500,123,119,-1
1501,123,119,-1
1502,123,119,-1
1503,123,119,-1
1504,123,119,-1
1505,123,119,-1
1506,123,119,-1
1507,123,119,-1
1508,123,119,-1
1509,123,119,-1
1510,123,119,-1
1511,123,119,-1
1512,123,119,-1
1513,123,119,-1
1514,123,119,-1
1515,123,119,-1
1516,123,119,-1
1517,123,119,-1
1518,123,119,-1
1519,123,119,-1
1520,123,119,-1
1521,123,119,-1
1522,123,119,-1
1523,123,119,-1
1524,123,119,-1
1525,123,119,-1
1526,123,119,-1
1527,123,119,-1
1528,123,119,-1
1529,123,119,-1
1530,123,119,-1
1531,123,119,-1
1532,122,120,1
1533,122,120,-1
1534,122,120,-1
1535,122,120,-1
1536,122,120,-1
1537,122,120,-1
1538,122,120,-1
1539,122,120,-1
1540,122,120,-1
1541,122,120,-1
1542,122,120,-1
1543,122,120,-1
1544,122,120,-1
1545,122,120,-1
1546,122,120,-1
1547,122,120,-1
1548,122,120,-1
1549,122,120,-1
1550,122,120,-1
1551,122,120,-1
1552,122,120,-1
1553,122,120,-1
1554,122,120,-1
1555,122,120,-1
1556,122,120,-1
1557,122,120,-1
1558,122,120,-1
1559,122,120,-1
1560,122,120,-1
1561,122,120,-1
1562,122,120,-1
1563,122,120,-1
1564,122,120,-1
1565,122,120,-1
1566,121,121,1
1567,121,121,-1
1568,121,121,-1
1569,121,121,-1
1570,121,121,-1
1571,121,121,-1
1572,121,121,-1
1573,121,121,-1
1574,121,121,-1
1575,121,121,-1
1576,121,121,-1
1577,121,121,-1
1578,121,121,-1
1579,121,121,-1
1580,121,121,-1
1581,121,121,-1
1582,121,121,-1
1583,121,121,-1
1584,121,121,-1
1585,121,121,-1
1586,121,121,-1
1587,121,121,-1
1588,121,121,-1
1589,121,121,-1
1590,121,121,-1
1591,121,121,-1
1592,121,121,-1
1593,121,121,-1
1594,121,121,-1
1595,121,121,-1
1596,121,121,-1
1597,121,121,-1
1598,121,121,-1
1599,120,122,1
1600,120,122,-1
1601,120,122,-1
1602,120,122,-1
1603,120,122,-1
1604,120,122,-1
1605,120,122,-1
1606,120,122,-1
1607,120,122,-1
1608,120,122,-1
1609,120,122,-1
1610,120,122,-1
1611,120,122,-1
1612,120,122,-1
1613,120,122,-1
1614,120,122,-1
1615,120,122,-1
1616,120,122,-1
1617,120,122,-1
1618,120,122,-1
1619,120,122,-1
1620,120,122,-1
1621,120,122,-1
1622,120,122,-1
1623,120,122,-1
1624,120,122,-1
1625,120,122,-1
1626,120,123,1
1627,120,123,-1
1628,120,123,-1
1629,120,123,-1
1630,120,123,-1
1631,120,123,-1
1632,120,123,-1
1633,120,123,-1
1634,120,123,-1
1635,120,123,-1
1636,120,123,-1
1637,120,123,-1
1638,120,123,-1
1639,120,123,-1
1640,120,123,-1
1641,120,123,-1
1642,120,123,-1
1643,120,123,-1
1644,120,123,-1
1645,120,123,-1
1646,120,123,-1
1647,120,124,1
1648,120,124,-1
1649,120,124,-1
1650,120,124,-1
1651,120,124,-1
1652,120,124,-1
1653,120,124,-1
1654,120,124,-1
1655,120,124,-1
1656,120,124,-1
1657,120,124,-1
1658,120,124,-1
1659,120,124,-1
1660,120,124,-1
1661,120,124,-1
1662,120,124,-1
1663,120,124,-1
1664,120,124,-1
1665,120,124,-1
1666,120,124,-1
1667,120,124,-1
1668,120,124,-1
1669,120,124,-1
1670,120,124,-1
1671,120,124,-1
1672,120,124,-1
1673,120,124,-1
1674,120,124,-1
1675,119,125,1
1676,119,125,-1
1677,119,125,-1
1678,119,125,-1
1679,119,125,-1
1680,119,125,-1
1681,119,125,-1
1682,119,125,-1
1683,119,125,-1
1684,119,125,-1
1685,119,125,-1
1686,119,125,-1
1687,119,125,-1
1688,119,125,-1
1689,119,125,-1
1690,119,125,-1
1691,119,125,-1
1692,119,125,-1
1693,119,125,-1
1694,119,125,-1
1695,119,125,-1
1696,119,125,-1
1697,119,125,-1
1698,119,125,-1
1699,119,125,-1
1700,119,125,-1
1701,119,125,-1
1702,119,125,-1
1703,119,125,-1
1704,119,126,1
1705,119,126,-1
1706,119,126,-1
1707,119,126,-1
1708,119,126,-1
1709,119,126,-1
1710,119,126,-1
1711,119,126,-1
1712,119,126,-1
1713,119,126,-1
1714,119,126,-1
1715,119,126,-1
1716,119,126,-1
1717,119,126,-1
1718,119,126,-1
1719,119,126,-1
1720,119,126,-1
1721,119,126,-1
1722,119,126,-1
1723,119,126,-1
1724,119,126,-1
1725,119,126,-1
1726,119,126,-1
1727,119,126,-1
1728,119,127,1
1729,119,127,-1
1730,119,127,-1
1731,119,127,-1
1732,119,127,-1
1733,119,127,-1
1734,119,127,-1
1735,119,127,-1
1736,119,127,-1
1737,119,127,-1
1738,119,127,-1
1739,119,127,-1
1740,119,127,-1
1741,119,127,-1
1742,119,127,-1
1743,119,127,-1
1744,119,127,-1
1745,119,127,-1
1746,119,127,-1
1747,119,127,-1
1748,119,127,-1
1749,119,127,-1
1750,119,127,-1
1751,119,127,-1
1752,119,127,-1
1753,119,128,1
1754,119,128,-1
1755,119,128,-1
1756,119,128,-1
1757,119,128,-1
1758,119,128,-1
1759,119,128,-1
1760,119,128,-1
1761,119,128,-1
1762,119,128,-1
1763,119,128,-1
1764,119,128,-1
1765,119,128,-1
1766,119,128,-1
1767,119,128,-1
1768,119,128,-1
1769,119,128,-1
1770,119,128,-1
1771,119,128,-1
1772,119,128,-1
1773,119,128,-1
1774,119,128,-1
1775,119,128,-1
1776,119,128,-1
1777,119,128,-1
1778,119,128,-1
1779,119,129,1
1780,119,129,-1
1781,119,129,-1
1782,119,129,-1
1783,119,129,-1
1784,119,129,-1
1785,119,129,-1
1786,119,129,-1
1787,119,129,-1
1788,119,129,-1
1789,119,129,-1
1790,119,129,-1
1791,119,129,-1
1792,119,129,-1
1793,119,129,-1
1794,119,129,-1
1795,119,129,-1
1796,119,129,-1
1797,119,129,-1
1798,119,129,-1
1799,119,129,-1
1800,119,129,-1
1801,119,129,-1
1802,119,129,-1
1803,119,129,-1
1804,119,129,-1
1805,119,129,-1
1806,119,129,-1
1807,119,129,-1
1808,119,129,-1
1809,119,129,-1
1810,119,129,-1
1811,119,129,-1
1812,119,129,-1
1813,119,129,-1
1814,119,129,-1
1815,119,129,-1
1816,119,129,-1
1817,119,129,-1
1818,119,129,-1
1819,119,129,-1
1820,119,129,-1
1821,119,129,-1
1822,119,129,-1
1823,119,129,-1
1824,119,129,-1
1825,119,129,-1
1826,119,129,-1
1827,119,129,-1
1828,119,129,-1
1829,119,129,-1
1830,119,129,-1
1831,119,129,-1
1832,119,129,-1
1833,119,129,-1
1834,119,129,-1
1835,119,129,-1
1836,119,129,-1
1837,119,129,-1
1838,119,129,-1
1839,119,129,-1
1840,119,129,-1
1841,119,129,-1
1842,119,129,-1
1843,119,129,-1
1844,119,129,-1
1845,119,129,-1
1846,119,129,-1
1847,119,129,-1
1848,119,129,-1
1849,119,129,-1
1850,119,129,-1
1851,119,129,-1
1852,119,129,-1
1853,119,129,-1
1854,119,129,-1
1855,119,129,-1
1856,119,129,-1
1857,119,129,-1
1858,119,129,-1
1859,119,129,-1
1860,119,129,-1
1861,119,129,-1
1862,119,129,-1
1863,119,129,-1
1864,119,129,-1
1865,119,129,-1
1866,119,129,-1
1867,119,129,-1
1868,119,129,-1
1869,119,129,-1
1870,119,129,-1
1871,119,129,-1
1872,119,129,-1
1873,119,129,-1
1874,119,129,-1
1875,119,129,-1
1876,119,129,-1
1877,119,129,-1
1878,119,129,-1
1879,119,129,-1
1880,119,129,-1
1881,119,129,-1
1882,119,129,-1
1883,119,129,-1
1884,119,129,-1
1885,119,129,-1
1886,119,129,-1
1887,119,129,-1
1888,119,129,-1
1889,119,129,-1
1890,119,129,-1
1891,119,129,-1
1892,119,129,-1
1893,119,129,-1
1894,119,129,-1
1895,119,129,-1
1896,119,129,-1
1897,119,129,-1
1898,119,129,-1
1899,119,129,-1
1900,119,129,-1
1901,119,129,-1
1902,119,129,-1
1903,119,129,-1
1904,119,129,-1
1905,119,129,-1
1906,119,129,-1
1907,119,129,-1
1908,119,129,-1
1909,119,129,-1
1910,119,129,-1
1911,119,129,-1
1912,119,129,-1
1913,119,129,-1
1914,119,129,-1
1915,119,129,-1
1916,119,129,-1
1917,119,129,-1
1918,119,129,-1
1919,119,129,-1
1920,119,129,-1
1921,119,129,-1
1922,119,129,-1
1923,119,129,-1
1924,119,129,-1
1925,119,129,-1
1926,119,129,-1
1927,119,129,-1
1928,119,129,-1
1929,119,129,-1
1930,119,129,-1
1931,119,129,-1
1932,119,129,-1
1933,119,129,-1
1934,119,129,-1
1935,119,129,-1
1936,119,129,-1
1937,119,129,-1
1938,119,129,-1
1939,119,129,-1
1940,119,129,-1
1941,119,129,-1
1942,119,129,-1
1943,119,129,-1
1944,119,129,-1
1945,119,129,-1
1946,119,129,-1
1947,119,129,-1
1948,119,129,-1
1949,119,129,-1
1950,119,129,-1
1951,119,129,-1
1952,119,129,-1
1953,119,129,-1
1954,119,129,-1
1955,119,129,-1
1956,119,129,-1
1957,119,129,-1
1958,119,129,-1
1959,119,129,-1
1960,119,129,-1
1961,119,129,-1
1962,119,129,-1
1963,119,129,-1
1964,119,129,-1
1965,119,129,-1
1966,119,129,-1
1967,119,129,-1
1968,119,129,-1
1969,119,129,-1
1970,119,129,-1
1971,119,129,-1
1972,119,129,-1
1973,119,129,-1
1974,119,129,-1
1975,119,129,-1
1976,119,129,-1
1977,119,129,-1
1978,119,129,-1
1979,119,129,-1
1980,119,129,-1
1981,119,129,-1
1982,119,129,-1
1983,119,129,-1
1984,119,129,-1
1985,119,129,-1
1986,119,129,-1
1987,119,129,-1
1988,119,129,-1
1989,119,129,-1
1990,119,129,-1
1991,119,129,-1
1992,119,129,-1
1993,119,129,-1
1994,119,129,-1
1995,119,129,-1
1996,119,129,-1
1997,119,129,-1
1998,119,129,-1
1999,119,129,-1
2000,119,129,-1
2001,119,129,-1
2002,119,129,-1
2003,119,129,-1
2004,119,129,-1
2005,119,129,-1
2006,119,129,-1
2007,119,129,-1
2008,119,129,-1
2009,119,129,-1
2010,119,129,-1
2011,119,129,-1
2012,119,129,-1
2013,119,129,-1
2014,119,129,-1
2015,119,129,-1
2016,119,129,-1
2017,119,129,-1
2018,119,129,-1
2019,119,129,-1
2020,119,129,-1
2021,119,129,-1
2022,119,129,-1
2023,119,129,-1
2024,119,129,-1
2025,119,129,-1
2026,119,129,-1
2027,119,129,-1
2028,119,129,-1
2029,119,129,-1
2030,119,129,-1
2031,119,129,-1
2032,119,129,-1
2033,119,129,-1
2034,119,129,-1
2035,119,129,-1
2036,119,129,-1
2037,119,129,-1
2038,119,129,-1
2039,119,129,-1
2040,119,129,-1
2041,119,129,-1
2042,119,129,-1
2043,119,129,-1
2044,119,129,-1
2045,119,129,-1
2046,119,129,-1
2047,119,129,-1
2048,119,129,-1
2049,119,129,-1
2050,119,129,-1
2051,119,129,-1
2052,119,129,-1
2053,119,129,-1
2054,119,129,-1
2055,119,129,-1
2056,119,129,-1
2057,119,129,-1
2058,119,129,-1
2059,119,129,-1
2060,119,129,-1
2061,119,129,-1
2062,119,129,-1
2063,119,129,-1
2064,119,129,-1
2065,119,129,-1
2066,119,129,-1
2067,119,129,-1
2068,119,129,-1
2069,119,129,-1
2070,119,129,-1
2071,119,129,-1
2072,119,129,-1
2073,119,129,-1
2074,119,129,-1
2075,119,129,-1
2076,119,129,-1
2077,119,129,-1
2078,119,129,-1
2079,119,129,-1
2080,119,129,-1
2081,119,129,-1
2082,119,129,-1
2083,119,129,-1
2084,119,129,-1
2085,119,129,-1
2086,119,129,-1
2087,119,129,-1
2088,119,129,-1
2089,119,129,-1
2090,119,129,-1
2091,119,129,-1
2092,119,129,-1
2093,119,129,-1
2094,119,129,-1
2095,119,129,-1
2096,119,129,-1
2097,119,129,-1
2098,119,129,-1
2099,119,129,-1
2100,119,129,-1
2101,119,129,-1
2102,119,129,-1
2103,119,129,-1
2104,119,129,-1
2105,119,129,-1
2106,119,129,-1
2107,119,129,-1
2108,119,129,-1
2109,119,129,-1
2110,119,129,-1
2111,119,129,-1
2112,119,129,-1
2113,119,129,-1
2114,119,129,-1
2115,119,129,-1
2116,119,129,-1
2117,119,129,-1
2118,119,129,-1
2119,119,129,-1
2120,119,129,-1
2121,119,129,-1
2122,119,129,-1
2123,119,129,-1
2124,119,129,-1
2125,119,129,-1
2126,119,129,-1
2127,119,129,-1
2128,119,129,-1
2129,119,129,-1
2130,119,129,-1
2131,119,129,-1
2132,119,129,-1
2133,119,129,-1
2134,119,129,-1
2135,119,129,-1
2136,119,129,-1
2137,119,129,-1
2138,119,129,-1
2139,119,129,-1
2140,119,129,-1
2141,119,129,-1
2142,119,129,-1
2143,119,129,-1
2144,119,129,-1
2145,119,129,-1
2146,119,129,-1
2147,119,129,-1
2148,119,129,-1
2149,119,129,-1
2150,119,129,-1
2151,119,129,-1
2152,119,129,-1
2153,119,129,-1
2154,119,129,-1
2155,119,129,-1
2156,119,129,-1
2157,119,129,-1
2158,119,129,-1
2159,119,129,-1
2160,119,129,-1
2161,119,129,-1
2162,119,129,-1
2163,119,129,-1
2164,119,129,-1
2165,119,129,-1
2166,119,129,-1
2167,119,129,-1
2168,119,129,-1
2169,119,129,-1
2170,119,129,-1
2171,119,129,-1
2172,119,129,-1
2173,119,129,-1
2174,119,129,-1
2175,119,129,-1
2176,119,129,-1
2177,119,129,-1
2178,119,129,-1
2179,119,129,-1
2180,119,129,-1
2181,119,129,-1
2182,119,129,-1
2183,119,129,-1
2184,119,129,-1
2185,119,129,-1
2186,119,129,-1
2187,119,129,-1
2188,119,129,-1
2189,119,129,-1
2190,119,129,-1
2191,119,129,-1
2192,119,129,-1
2193,119,129,-1
2194,119,129,-1
2195,119,129,-1
2196,119,129,-1
2197,119,129,-1
2198,119,129,-1
2199,119,129,-1
2200,119,129,-1
2201,119,129,-1
2202,119,129,-1
2203,119,129,-1
2204,119,129,-1
2205,119,129,-1
2206,119,129,-1
2207,119,129,-1
2208,119,129,-1
2209,119,129,-1
2210,119,129,-1
2211,119,129,-1
2212,119,129,-1
2213,119,129,-1
2214,119,129,-1
2215,119,129,-1
2216,119,129,-1
2217,119,129,-1
2218,119,129,-1
2219,119,129,-1
2220,119,129,-1
2221,119,129,-1
2222,119,129,-1
2223,119,129,-1
2224,119,129,-1
2225,119,129,-1
2226,119,129,-1
2227,119,129,-1
2228,119,129,-1
2229,119,129,-1
2230,119,129,-1
2231,119,129,-1
2232,119,129,-1
2233,119,129,-1
2234,119,129,-1
2235,119,129,-1
2236,119,129,-1
2237,119,129,-1
2238,119,129,-1
2239,119,129,-1
2240,119,129,-1
2241,119,129,-1
2242,119,129,-1
2243,119,129,-1
2244,119,129,-1
2245,119,129,-1
2246,119,129,-1
2247,119,129,-1
2248,119,129,-1
2249,119,129,-1
2250,119,129,-1
2251,119,129,-1
2252,119,129,-1
2253,119,129,-1
2254,119,129,-1
2255,119,129,-1
2256,119,129,-1
2257,119,129,-1
2258,119,129,-1
2259,119,129,-1
2260,119,129,-1
2261,119,129,-1
2262,119,129,-1
2263,119,129,-1
2264,119,129,-1
2265,119,129,-1
2266,119,129,-1
2267,119,129,-1
2268,119,129,-1
2269,119,129,-1
2270,119,129,-1
2271,119,129,-1
2272,119,129,-1
2273,119,129,-1
2274,119,129,-1
2275,119,129,-1
2276,119,129,-1
2277,119,129,-1
2278,119,129,-1
2279,119,129,-1
2280,119,129,-1
2281,119,129,-1
2282,119,129,-1
2283,119,129,-1
2284,119,129,-1
2285,119,129,-1
2286,119,129,-1
2287,119,129,-1
2288,119,129,-1
2289,119,129,-1
2290,119,129,-1
2291,119,129,-1
2292,119,129,-1
2293,119,129,-1
2294,119,129,-1
2295,119,129,-1
2296,119,129,-1
2297,119,129,-1
2298,119,129,-1
2299,119,129,-1
2300,119,129,-1
2301,119,129,-1
2302,119,129,-1
2303,119,129,-1
2304,119,129,-1
2305,119,129,-1
2306,119,129,-1
2307,119,129,-1
2308,119,129,-1
2309,119,129,-1
2310,119,129,-1
2311,119,129,-1
2312,119,129,-1
2313,119,129,-1
2314,119,129,-1
2315,119,129,-1
2316,119,129,-1
2317,119,129,-1
2318,119,129,-1
2319,119,129,-1
2320,119,129,-1
2321,119,129,-1
2322,119,129,-1
2323,119,129,-1
2324,119,129,-1
2325,119,129,-1
2326,119,129,-1
2327,119,129,-1
2328,119,129,-1
2329,119,129,-1
2330,119,129,-1
2331,119,129,-1
2332,119,129,-1
2333,119,129,-1
2334,119,129,-1
2335,119,129,-1
2336,119,129,-1
2337,119,129,-1
2338,119,129,-1
2339,119,129,-1
2340,119,129,-1
2341,119,129,-1
2342,119,129,-1
2343,119,129,-1
2344,119,129,-1
2345,119,129,-1
2346,119,129,-1
2347,119,129,-1
2348,119,129,-1
2349,119,129,-1
2350,119,129,-1
2351,119,129,-1
2352,119,129,-1
2353,119,129,-1
2354,119,129,-1
2355,119,129,-1
2356,119,129,-1
2357,119,129,-1
2358,119,129,-1
2359,119,129,-1
2360,119,129,-1
2361,119,129,-1
2362,119,129,-1
2363,119,129,-1
2364,119,129,-1
2365,119,129,-1
2366,119,129,-1
2367,119,129,-1
2368,119,129,-1
2369,119,129,-1
2370,119,129,-1
2371,119,129,-1
2372,119,129,-1
2373,119,129,-1
2374,119,129,-1
2375,119,129,-1
2376,119,129,-1
2377,119,129,-1
2378,119,129,-1
2379,119,129,-1
2380,119,129,-1
2381,119,129,-1
2382,119,129,-1
2383,119,129,-1
2384,119,129,-1
2385,119,129,-1
2386,119,129,-1
2387,119,129,-1
2388,119,129,-1
2389,119,129,-1
2390,119,129,-1
2391,119,129,-1
2392,119,129,-1
2393,119,129,-1
2394,119,129,-1
2395,119,129,-1
2396,119,129,-1
2397,119,129,-1
2398,119,129,-1
2399,119,129,-1
2400,119,129,-1
2401,119,129,-1
2402,119,129,-1
2403,119,129,-1
2404,119,129,-1
2405,119,129,-1
2406,119,129,-1
2407,119,129,-1
2408,119,129,-1
2409,119,129,-1
2410,119,129,-1
2411,119,129,-1
2412,119,129,-1
2413,119,129,-1
2414,119,129,-1
2415,119,129,-1
2416,119,129,-1
2417,119,129,-1
2418,119,129,-1
2419,119,129,-1
2420,119,129,-1
2421,119,129,-1
2422,119,129,-1
2423,119,129,-1
2424,119,129,-1
2425,119,129,-1
2426,119,129,-1
2427,119,129,-1
2428,119,129,-1
2429,119,129,-1
2430,119,129,-1
2431,119,129,-1
2432,119,129,-1
2433,119,129,-1
2434,119,129,-1
2435,119,129,-1
2436,119,129,-1
2437,119,129,-1
2438,119,129,-1
2439,119,129,-1
2440,119,129,-1
2441,119,129,-1
2442,119,129,-1
2443,119,129,-1
2444,119,129,-1
2445,119,129,-1
2446,119,129,-1
2447,119,129,-1
2448,119,129,-1
2449,119,129,-1
2450,119,129,-1
2451,119,129,-1
2452,119,129,-1
2453,119,129,-1
2454,119,129,-1
2455,119,129,-1
2456,119,129,-1
2457,119,129,-1
2458,119,129,-1
2459,119,129,-1
2460,119,129,-1
2461,119,129,-1
2462,119,129,-1
2463,119,129,-1
2464,119,129,-1
2465,119,129,-1
2466,119,129,-1
2467,119,129,-1
2468,119,129,-1
2469,119,129,-1
2470,119,129,-1
2471,119,129,-1
2472,119,129,-1
2473,119,129,-1
2474,119,129,-1
2475,119,129,-1
2476,119,129,-1
2477,119,129,-1
2478,119,129,-1
2479,119,129,-1
2480,119,129,-1
2481,119,129,-1
2482,119,129,-1
2483,119,129,-1
2484,119,129,-1
2485,119,129,-1
2486,119,129,-1
2487,119,129,-1
2488,119,129,-1
2489,119,129,-1
2490,119,129,-1
2491,119,129,-1
2492,119,129,-1
2493,119,129,-1
2494,119,129,-1
2495,119,129,-1
2496,119,129,-1
2497,119,129,-1
2498,119,129,-1
2499,119,129,-1
2500,119,129,-1
2501,119,129,-1
2502,119,129,-1
2503,119,129,-1
2504,119,129,-1
2505,119,129,-1
2506,119,129,-1
2507,119,129,-1
2508,119,129,-1
2509,119,129,-1
2510,119,129,-1
2511,119,129,-1
2512,119,129,-1
2513,119,129,-1
2514,119,129,-1
2515,119,129,-1
2516,119,129,-1
2517,119,129,-1
2518,119,129,-1
2519,119,129,-1
2520,119,129,-1
2521,119,129,-1
2522,119,129,-1
2523,119,129,-1
2524,119,129,-1
2525,119,129,-1
2526,119,129,-1
2527,119,129,-1
2528,119,129,-1
2529,119,129,-1
2530,119,129,-1
2531,119,129,-1
2532,119,129,-1
2533,119,129,-1
2534,119,129,-1
2535,119,129,-1
2536,119,129,-1
2537,119,129,-1
2538,119,129,-1
2539,119,129,-1
2540,119,129,-1
2541,119,129,-1
2542,119,129,-1
2543,119,129,-1
2544,119,129,-1
2545,119,129,-1
2546,119,129,-1
2547,119,129,-1
2548,119,129,-1
2549,119,129,-1
2550,119,129,-1
2551,119,129,-1
2552,119,129,-1
2553,119,129,-1
2554,119,129,-1
2555,119,129,-1
2556,119,129,-1
2557,119,129,-1
2558,119,129,-1
2559,119,129,-1
2560,119,129,-1
2561,119,129,-1
2562,119,129,-1
2563,119,129,-1
2564,119,129,-1
2565,119,129,-1
2566,119,129,-1
2567,119,129,-1
2568,119,129,-1
2569,119,129,-1
2570,119,129,-1
2571,119,129,-1
2572,119,129,-1
2573,119,129,-1
2574,119,129,-1
2575,119,129,-1
2576,119,129,-1
2577,119,129,-1
2578,119,129,-1
2579,119,129,-1
2580,119,129,-1
2581,119,129,-1
2582,119,129,-1
2583,119,129,-1
2584,119,129,-1
2585,119,129,-1
2586,119,129,-1
2587,119,129,-1
2588,119,129,-1
2589,119,129,-1
2590,119,129,-1
2591,119,129,-1
2592,119,129,-1
2593,119,129,-1
2594,119,129,-1
2595,119,129,-1
2596,119,129,-1
2597,119,129,-1
2598,119,129,-1
2599,119,129,-1
2600,119,129,-1
2601,119,129,-1
2602,119,129,-1
2603,119,129,-1
2604,119,129,-1
2605,119,129,-1
2606,119,129,-1
2607,119,129,-1
2608,119,129,-1
2609,119,129,-1
2610,119,129,-1
2611,119,129,-1
2612,119,129,-1
2613,119,129,-1
2614,119,129,-1
2615,119,129,-1
2616,119,129,-1
2617,119,129,-1
2618,119,129,-1
2619,119,129,-1
2620,119,129,-1
2621,119,129,-1
2622,119,129,-1
2623,119,129,-1
2624,119,129,-1
2625,119,129,-1
2626,119,129,-1
2627,119,129,-1
2628,119,129,-1
2629,119,129,-1
2630,119,129,-1
2631,119,129,-1
2632,119,129,-1
2633,119,129,-1
2634,119,129,-1
2635,119,129,-1
2636,119,129,-1
2637,119,129,-1
2638,119,129,-1
2639,119,129,-1
2640,119,129,-1
2641,119,129,-1
2642,119,129,-1
2643,119,129,-1
2644,119,129,-1
2645,119,129,-1
2646,119,129,-1
2647,119,129,-1
2648,119,129,-1
2649,119,129,-1
2650,119,129,-1
2651,119,129,-1
2652,119,129,-1
2653,119,129,-1
2654,119,129,-1
2655,119,129,-1
2656,119,129,-1
2657,119,129,-1
2658,119,129,-1
2659,119,129,-1
2660,119,129,-1
2661,119,129,-1
2662,119,129,-1
2663,119,129,-1
2664,119,129,-1
2665,119,129,-1
2666,119,129,-1
2667,119,129,-1
2668,119,129,-1
2669,119,129,-1
2670,119,129,-1
2671,119,129,-1
2672,119,129,-1
2673,119,129,-1
2674,119,129,-1
2675,119,129,-1
2676,119,129,-1
2677,119,129,-1
2678,119,129,-1
2679,119,129,-1
2680,119,129,-1
2681,119,129,-1
2682,119,129,-1
2683,119,129,-1
2684,119,129,-1
2685,119,129,-1
2686,119,129,-1
2687,119,129,-1
2688,119,129,-1
2689,119,129,-1
2690,119,129,-1
2691,119,129,-1
2692,119,129,-1
2693,119,129,-1
2694,119,129,-1
2695,119,129,-1
2696,119,129,-1
2697,119,129,-1
2698,119,129,-1
2699,119,129,-1
2700,119,129,-1
2701,119,129,-1
2702,119,129,-1
2703,119,129,-1
2704,119,129,-1
2705,119,129,-1
2706,119,129,-1
2707,119,129,-1
2708,119,129,-1
2709,119,129,-1
2710,119,129,-1
2711,119,129,-1
2712,119,129,-1
2713,119,129,-1
2714,119,129,-1
2715,119,129,-1
2716,119,129,-1
2717,119,129,-1
2718,119,129,-1
2719,119,129,-1
2720,119,129,-1
2721,119,129,-1
2722,119,129,-1
2723,119,129,-1
2724,119,129,-1
2725,119,129,-1
2726,119,129,-1
2727,119,129,-1
2728,119,129,-1
2729,119,129,-1
2730,119,129,-1
2731,119,129,-1
2732,119,129,-1
2733,119,129,-1
2734,119,129,-1
2735,119,129,-1
2736,119,129,-1
2737,119,129,-1
2738,119,129,-1
2739,119,129,-1
2740,119,129,-1
2741,119,129,-1
2742,119,129,-1
2743,119,129,-1
2744,119,129,-1
2745,119,129,-1
2746,119,129,-1
2747,119,129,-1
2748,119,129,-1
2749,119,129,-1
2750,119,129,-1
2751,119,129,-1
2752,119,129,-1
2753,119,129,-1
2754,119,129,-1
2755,119,129,-1
2756,119,129,-1
2757,119,129,-1
2758,119,129,-1
2759,119,129,-1
2760,119,129,-1
2761,119,129,-1
2762,119,129,-1
2763,119,129,-1
2764,119,129,-1
2765,119,129,-1
2766,119,129,-1
2767,119,129,-1
2768,119,129,-1
2769,119,129,-1
2770,119,129,-1
2771,119,129,-1
2772,119,129,-1
2773,119,129,-1
2774,119,129,-1
2775,119,129,-1
2776,119,129,-1
2777,119,129,-1
2778,119,129,-1
2779,119,129,-1
2780,119,129,-1
2781,119,129,-1
2782,119,129,-1
2783,119,129,-1
2784,119,129,-1
2785,119,129,-1
2786,119,129,-1
2787,119,129,-1
2788,119,129,-1
2789,119,129,-1
2790,119,129,-1
2791,119,129,-1
2792,119,129,-1
2793,119,129,-1
2794,119,129,-1
2795,119,129,-1
2796,119,129,-1
2797,119,129,-1
2798,119,129,-1
2799,119,129,-1
2800,119,129,-1
2801,119,129,-1
2802,119,129,-1
2803,119,129,-1
2804,119,129,-1
2805,119,129,-1
2806,119,129,-1
2807,119,129,-1
2808,119,129,-1
2809,119,129,-1
2810,119,129,-1
2811,119,129,-1
2812,119,129,-1
2813,119,129,-1
2814,119,129,-1
2815,119,129,-1
2816,119,129,-1
2817,119,129,-1
2818,119,129,-1
2819,119,129,-1
2820,119,129,-1
2821,119,129,-1
2822,119,129,-1
2823,119,129,-1
2824,119,129,-1
2825,119,129,-1
2826,119,129,-1
2827,119,129,-1
2828,119,129,-1
2829,119,129,-1
2830,119,129,-1
2831,119,129,-1
2832,119,129,-1
2833,119,129,-1
2834,119,129,-1
2835,119,129,-1
2836,119,129,-1
2837,119,129,-1
2838,119,129,-1
2839,119,129,-1
2840,119,129,-1
2841,119,129,-1
2842,119,129,-1
2843,119,129,-1
2844,119,129,-1
2845,119,129,-1
2846,119,129,-1
2847,119,129,-1
2848,119,129,-1
2849,119,129,-1
2850,119,129,-1
2851,119,129,-1
2852,119,129,-1
2853,119,129,-1
2854,119,129,-1
2855,119,129,-1
2856,119,129,-1
2857,119,129,-1
2858,119,129,-1
2859,119,129,-1
2860,119,129,-1
2861,119,129,-1
2862,119,129,-1
2863,119,129,-1
2864,119,129,-1
2865,119,129,-1
2866,119,129,-1
2867,119,129,-1
2868,119,129,-1
2869,119,129,-1
2870,119,129,-1
2871,119,129,-1
2872,119,129,-1
2873,119,129,-1
2874,119,129,-1
2875,119,129,-1
2876,119,129,-1
2877,119,129,-1
2878,119,129,-1
2879,119,129,-1
2880,119,129,-1
2881,119,129,-1
2882,119,129,-1
2883,119,129,-1
2884,119,129,-1
2885,119,129,-1
2886,119,129,-1
2887,119,129,-1
2888,119,129,-1
2889,119,129,-1
2890,119,129,-1
2891,119,129,-1
2892,119,129,-1
2893,119,129,-1
2894,119,129,-1
2895,119,129,-1
2896,119,129,-1
2897,119,129,-1
2898,119,129,-1
2899,119,129,-1
2900,119,129,-1
2901,119,129,-1
2902,119,129,-1
2903,119,129,-1
2904,119,129,-1
2905,119,129,-1
2906,119,129,-1
2907,119,129,-1
2908,119,129,-1
2909,119,129,-1
2910,119,129,-1
2911,119,129,-1
2912,119,129,-1
2913,119,129,-1
2914,119,129,-1
2915,119,129,-1
2916,119,129,-1
2917,119,129,-1
2918,119,129,-1
2919,119,129,-1
2920,119,129,-1
2921,119,129,-1
2922,119,129,-1
2923,119,129,-1
2924,119,129,-1
2925,119,129,-1
2926,119,129,-1
2927,119,129,-1
2928,119,129,-1
2929,119,129,-1
2930,119,129,-1
2931,119,129,-1
2932,119,129,-1
2933,119,129,-1
2934,119,129,-1
2935,119,129,-1
2936,119,129,-1
2937,119,129,-1
2938,119,129,-1
2939,119,129,-1
2940,119,129,-1
2941,119,129,-1
2942,119,129,-1
2943,119,129,-1
2944,119,129,-1
2945,119,129,-1
2946,119,129,-1
2947,119,129,-1
2948,119,129,-1
2949,119,129,-1
2950,119,129,-1
2951,119,129,-1
2952,119,129,-1
2953,119,129,-1
2954,119,129,-1
2955,119,129,-1
2956,119,129,-1
2957,119,129,-1
2958,119,129,-1
2959,119,129,-1
2960,119,129,-1
2961,119,129,-1
2962,119,129,-1
2963,119,129,-1
2964,119,129,-1
2965,119,129,-1
2966,119,129,-1
2967,119,129,-1
2968,119,129,-1
2969,119,129,-1
2970,119,129,-1
2971,119,129,-1
2972,119,129,-1
2973,119,129,-1
2974,119,129,-1
2975,119,129,-1
2976,119,129,-1
2977,119,129,-1
2978,119,129,-1
2979,119,129,-1
2980,119,129,-1
2981,119,129,-1
2982,119,129,-1
2983,119,129,-1
2984,119,129,-1
2985,119,129,-1
2986,119,129,-1
2987,119,129,-1
2988,119,129,-1
2989,119,129,-1
2990,119,129,-1
2991,119,129,-1
2992,119,129,-1
2993,119,129,-1
2994,119,129,-1
2995,119,129,-1
2996,119,129,-1
2997,119,129,-1
2998,119,129,-1
2999,119,129,-1
3000,119,129,-1
3001,119,129,-1
3002,119,129,-1
3003,119,129,-1
3004,119,129,-1
3005,119,129,-1
3006,119,129,-1
3007,119,129,-1
3008,119,129,-1
3009,119,129,-1
3010,119,129,-1
3011,119,129,-1
3012,119,129,-1
3013,119,129,-1
3014,119,129,-1
3015,119,129,-1
3016,119,129,-1
3017,119,129,-1
3018,119,129,-1
3019,119,129,-1
3020,119,129,-1
3021,119,129,-1
3022,119,129,-1
3023,119,129,-1
3024,119,129,-1
3025,119,129,-1
3026,119,129,-1
3027,119,129,-1
3028,119,129,-1
3029,119,129,-1
3030,119,129,-1
3031,119,129,-1
3032,119,129,-1
3033,119,129,-1
3034,119,129,-1
3035,119,129,-1
3036,119,129,-1
3037,119,129,-1
3038,119,129,-1
3039,119,129,-1
3040,119,129,-1
3041,119,129,-1
3042,119,129,-1
3043,119,129,-1
3044,119,129,-1
3045,119,129,-1
3046,119,129,-1
3047,119,129,-1
3048,119,129,-1
3049,119,129,-1
3050,119,129,-1
3051,119,129,-1
3052,119,129,-1
3053,119,129,-1
3054,119,129,-1
3055,119,129,-1
3056,119,129,-1
3057,119,129,-1
3058,119,129,-1
3059,119,129,-1
3060,119,129,-1
3061,119,129,-1
3062,119,129,-1
3063,119,129,-1
3064,119,129,-1
3065,119,129,-1
3066,119,129,-1
3067,119,129,-1
3068,119,129,-1
3069,119,129,-1
3070,119,129,-1
3071,119,129,-1
3072,119,129,-1
3073,119,129,-1
3074,119,129,-1
3075,119,129,-1
3076,119,129,-1
3077,119,129,-1
3078,119,129,-1
3079,119,129,-1
3080,119,129,-1
3081,119,129,-1
3082,119,129,-1
3083,119,129,-1
3084,119,129,-1
3085,119,129,-1
3086,119,129,-1
3087,119,129,-1
3088,119,129,-1
3089,119,129,-1
3090,119,129,-1
3091,119,129,-1
3092,119,129,-1
3093,119,129,-1
3094,119,129,-1
3095,119,129,-1
3096,119,129,-1
3097,119,129,-1
3098,119,129,-1
3099,119,129,-1
3100,119,129,-1
3101,119,129,-1
3102,119,129,-1
3103,119,129,-1
3104,119,129,-1
3105,119,129,-1
3106,119,129,-1
3107,119,129,-1
3108,119,129,-1
3109,119,129,-1
3110,119,129,-1
3111,119,129,-1
3112,119,129,-1
3113,119,129,-1
3114,119,129,-1
3115,119,129,-1
3116,119,129,-1
3117,119,129,-1
3118,119,129,-1
3119,119,129,-1
3120,119,129,-1
3121,119,129,-1
3122,119,129,-1
3123,119,129,-1
3124,119,129,-1
3125,119,129,-1
3126,119,129,-1
3127,119,129,-1
3128,119,129,-1
3129,119,129,-1
3130,119,129,-1
3131,119,129,-1
3132,119,129,-1
3133,119,129,-1
3134,119,129,-1
3135,119,129,-1
3136,119,129,-1
3137,119,129,-1
3138,119,129,-1
3139,119,129,-1
3140,119,129,-1
3141,119,129,-1
3142,119,129,-1
3143,119,129,-1
3144,119,129,-1
3145,119,129,-1
3146,119,129,-1
3147,119,129,-1
3148,119,129,-1
3149,119,129,-1
3150,119,129,-1
3151,119,129,-1
3152,119,129,-1
3153,119,129,-1
3154,119,129,-1
3155,119,129,-1
3156,119,129,-1
3157,119,129,-1
3158,119,129,-1
3159,119,129,-1
3160,119,129,-1
3161,119,129,-1
3162,119,129,-1
3163,119,129,-1
3164,119,129,-1
3165,119,129,-1
3166,119,129,-1
3167,119,129,-1
3168,119,129,-1
3169,119,129,-1
3170,119,129,-1
3171,119,129,-1
3172,119,129,-1
3173,119,129,-1
3174,119,129,-1
3175,119,129,-1
3176,119,129,-1
3177,119,129,-1
3178,119,129,-1
3179,119,129,-1
3180,119,129,-1
3181,119,129,-1
3182,119,129,-1
3183,119,129,-1
3184,119,129,-1
3185,119,129,-1
3186,119,129,-1
3187,119,129,-1
3188,119,129,-1
3189,119,129,-1
3190,119,129,-1
3191,119,129,-1
3192,119,129,-1
3193,119,129,-1
3194,119,129,-1
3195,119,129,-1
3196,119,129,-1
3197,119,129,-1
3198,119,129,-1
3199,119,129,-1
3200,119,129,-1
3201,119,129,-1
3202,119,129,-1
3203,119,129,-1
3204,119,129,-1
3205,119,129,-1
3206,119,129,-1
3207,119,129,-1
3208,119,129,-1
3209,119,129,-1
3210,119,129,-1
3211,119,129,-1
3212,119,129,-1
3213,119,129,-1
3214,119,129,-1
3215,119,129,-1
3216,119,129,-1
3217,119,129,-1
3218,119,129,-1
3219,119,129,-1
3220,119,129,-1
3221,119,129,-1
3222,119,129,-1
3223,119,129,-1
3224,119,129,-1
3225,119,129,-1
3226,119,129,-1
3227,119,129,-1
3228,119,129,-1
3229,119,129,-1
3230,119,129,-1
3231,119,129,-1
3232,119,129,-1
3233,119,129,-1
3234,119,129,-1
3235,119,129,-1
3236,119,129,-1
3237,119,129,-1
3238,119,129,-1
3239,119,129,-1
3240,119,129,-1
3241,119,129,-1
3242,119,129,-1
3243,119,129,-1
3244,119,129,-1
3245,119,129,-1
3246,119,129,-1
3247,119,129,-1
3248,119,129,-1
3249,119,129,-1
3250,119,129,-1
3251,119,129,-1
3252,119,129,-1
3253,119,129,-1
3254,119,129,-1
3255,119,129,-1
3256,119,129,-1
3257,119,129,-1
3258,119,129,-1
3259,119,129,-1
3260,119,129,-1
3261,119,129,-1
3262,119,129,-1
3263,119,129,-1
3264,119,129,-1
3265,119,129,-1
3266,119,129,-1
3267,119,129,-1
3268,119,129,-1
3269,119,129,-1
3270,119,129,-1
3271,119,129,-1
3272,119,129,-1
3273,119,129,-1
3274,119,129,-1
3275,119,129,-1
3276,119,129,-1
3277,119,129,-1
3278,119,129,-1
3279,119,129,-1
3280,119,129,-1
3281,119,129,-1
3282,119,129,-1
3283,119,129,-1
3284,119,129,-1
3285,119,129,-1
3286,119,129,-1
3287,119,129,-1
3288,119,129,-1
3289,119,129,-1
3290,119,129,-1
3291,119,129,-1
3292,119,129,-1
3293,119,129,-1
3294,119,129,-1
3295,119,129,-1
3296,119,129,-1
3297,119,129,-1
3298,119,129,-1
3299,119,129,-1
3300,119,129,-1
3301,119,129,-1
3302,119,129,-1
3303,119,129,-1
3304,119,129,-1
3305,119,129,-1
3306,119,129,-1
3307,119,129,-1
3308,119,129,-1
3309,119,129,-1
3310,119,129,-1
3311,119,129,-1
3312,119,129,-1
3313,119,129,-1
3314,119,129,-1
3315,119,129,-1
3316,119,129,-1
3317,119,129,-1
3318,119,129,-1
3319,119,129,-1
3320,119,129,-1
3321,119,129,-1
3322,119,129,-1
3323,119,129,-1
3324,119,129,-1
3325,119,129,-1
3326,119,129,-1
3327,119,129,-1
3328,119,129,-1
3329,119,129,-1
3330,119,129,-1
3331,119,129,-1
3332,119,129,-1
3333,119,129,-1
3334,119,129,-1
3335,119,129,-1
3336,119,129,-1
3337,119,129,-1
3338,119,129,-1
3339,119,129,-1
3340,119,129,-1
3341,119,129,-1
3342,119,129,-1
3343,119,129,-1
3344,119,129,-1
3345,119,129,-1
3346,119,129,-1
3347,119,129,-1
3348,119,129,-1
3349,119,129,-1
3350,119,129,-1
3351,119,129,-1
3352,119,129,-1
3353,119,129,-1
3354,119,129,-1
3355,119,129,-1
3356,119,129,-1
3357,119,129,-1
3358,119,129,-1
3359,119,129,-1
3360,119,129,-1
3361,119,129,-1
3362,119,129,-1
3363,119,129,-1
3364,119,129,-1
3365,119,129,-1
3366,119,129,-1
3367,119,129,-1
3368,119,129,-1
3369,119,129,-1
3370,119,129,-1
3371,119,129,-1
3372,119,129,-1
3373,119,129,-1
3374,119,129,-1
3375,119,129,-1
3376,119,129,-1
3377,119,129,-1
3378,119,129,-1
3379,119,129,-1
3380,119,129,-1
3381,119,129,-1
3382,119,129,-1
3383,119,129,-1
3384,119,129,-1
3385,119,129,-1
3386,119,129,-1
3387,119,129,-1
3388,119,129,-1
3389,119,129,-1
3390,119,129,-1
3391,119,129,-1
3392,119,129,-1
3393,119,129,-1
3394,119,129,-1
3395,119,129,-1
3396,119,129,-1
3397,119,129,-1
3398,119,129,-1
3399,119,129,-1
3400,119,129,-1
3401,119,129,-1
3402,119,129,-1
3403,119,129,-1
3404,119,129,-1
3405,119,129,-1
3406,119,129,-1
3407,119,129,-1
3408,119,129,-1
3409,119,129,-1
3410,119,129,-1
3411,119,129,-1
3412,119,129,-1
3413,119,129,-1
3414,119,129,-1
3415,119,129,-1
3416,119,129,-1
3417,119,129,-1
3418,119,129,-1
3419,119,129,-1
3420,119,129,-1
3421,119,129,-1
3422,119,129,-1
3423,119,129,-1
3424,119,129,-1
3425,119,129,-1
3426,119,129,-1
3427,119,129,-1
3428,119,129,-1
3429,119,129,-1
3430,119,129,-1
3431,119,129,-1
3432,119,129,-1
3433,119,129,-1
3434,119,129,-1
3435,119,129,-1
3436,119,129,-1
3437,119,129,-1
3438,119,129,-1
3439,119,129,-1
3440,119,129,-1
3441,119,129,-1
3442,119,129,-1
3443,119,129,-1
3444,119,129,-1
3445,119,129,-1
3446,119,129,-1
3447,119,129,-1
3448,119,129,-1
3449,119,129,-1
3450,119,129,-1
3451,119,129,-1
3452,119,129,-1
3453,119,129,-1
3454,119,129,-1
3455,119,129,-1
3456,119,129,-1
3457,119,129,-1
3458,119,129,-1
3459,119,129,-1
3460,119,129,-1
3461,119,129,-1
3462,119,129,-1
3463,119,129,-1
3464,119,129,-1
3465,119,129,-1
3466,119,129,-1
3467,119,129,-1
3468,119,129,-1
3469,119,129,-1
3470,119,129,-1
3471,119,129,-1
3472,119,129,-1
3473,119,129,-1
3474,119,129,-1
3475,119,129,-1
3476,119,129,-1
3477,119,129,-1
3478,119,129,-1
3479,119,129,-1
3480,119,129,-1
3481,119,129,-1
3482,119,129,-1
3483,119,129,-1
3484,119,129,-1
3485,119,129,-1
3486,119,129,-1
3487,119,129,-1
3488,119,129,-1
3489,119,129,-1
3490,119,129,-1
3491,119,129,-1
3492,119,129,-1
3493,119,129,-1
3494,119,129,-1
3495,119,129,-1
3496,119,129,-1
3497,119,129,-1
3498,119,129,-1
3499,119,129,-1
3500,119,129,-1
3501,119,129,-1
3502,119,129,-1
3503,119,129,-1
3504,119,129,-1
3505,119,129,-1
3506,119,129,-1
3507,119,129,-1
3508,119,129,-1
3509,119,129,-1
3510,119,129,-1
3511,119,129,-1
3512,119,129,-1
3513,119,129,-1
3514,119,129,-1
3515,119,129,-1
3516,119,129,-1
3517,119,129,-1
3518,119,129,-1
3519,119,129,-1
3520,119,129,-1
3521,119,129,-1
3522,119,129,-1
3523,119,129,-1
3524,119,129,-1
3525,119,129,-1
3526,119,129,-1
3527,119,129,-1
3528,119,129,-1
3529,119,129,-1
3530,119,129,-1
3531,119,129,-1
3532,119,129,-1
3533,119,129,-1
3534,119,129,-1
3535,119,129,-1
3536,119,129,-1
3537,119,129,-1
3538,119,129,-1
3539,119,129,-1
3540,119,129,-1
3541,119,129,-1
3542,119,129,-1
3543,119,129,-1
3544,119,129,-1
3545,119,129,-1
3546,119,129,-1
3547,119,129,-1
3548,119,129,-1
3549,119,129,-1
3550,119,129,-1
3551,119,129,-1
3552,119,129,-1
3553,119,129,-1
3554,119,129,-1
3555,119,129,-1
3556,119,129,-1
3557,119,129,-1
3558,119,129,-1
3559,119,129,-1
3560,119,129,-1
3561,119,129,-1
3562,119,129,-1
3563,119,129,-1
3564,119,129,-1
3565,119,129,-1
3566,119,129,-1
3567,119,129,-1
3568,119,129,-1
3569,119,129,-1
3570,119,129,-1
3571,119,129,-1
3572,119,129,-1
3573,119,129,-1
3574,119,129,-1
3575,119,129,-1
3576,119,129,-1
3577,119,129,-1
3578,119,129,-1
3579,119,129,-1
3580,119,129,-1
3581,119,129,-1
3582,119,129,-1
3583,119,129,-1
3584,119,129,-1
3585,119,129,-1
3586,119,129,-1
3587,119,129,-1
3588,119,129,-1
3589,119,129,-1
3590,119,129,-1
3591,119,129,-1
3592,119,129,-1
3593,119,129,-1
3594,119,129,-1
3595,119,129,-1
3596,119,130,0
3596,119,131,0
3596,119,132,0
3596,119,133,0
3596,119,134,0
3596,120,135,0
3596,121,136,0
3596,122,137,0
3596,123,138,0
3596,124,139,0
3596,125,140,0
3596,126,141,0
3596,127,142,0
3596,128,142,0
3596,129,142,0
3596,130,142,1
3597,130,142,-1
3598,130,142,-1
3599,130,142,-1
3600,130,142,-1
3601,130,142,-1
