0,144,128,1
34,144,129,0
35,144,130,0
36,144,130,-1
37,144,130,-1
38,144,130,-1
39,144,130,-1
40,144,130,-1
41,144,130,-1
42,144,130,-1
43,144,130,-1
44,144,130,-1
45,144,130,-1
46,144,130,-1
47,144,130,-1
48,144,130,-1
49,144,131,0
50,144,131,-1
51,144,131,-1
52,144,131,-1
53,144,131,-1
54,144,131,-1
55,144,131,-1
56,144,131,-1
57,144,131,-1
58,144,131,-1
59,144,131,-1
60,144,131,-1
61,144,131,-1
62,144,131,-1
63,144,131,-1
64,144,131,-1
65,144,131,-1
66,144,131,-1
67,144,132,0
68,144,132,-1
69,144,132,-1
70,144,132,-1
71,144,132,-1
72,144,132,-1
73,144,132,-1
74,144,132,-1
75,144,132,-1
76,144,132,-1
77,144,132,-1
78,144,132,-1
79,144,132,-1
80,144,132,-1
81,144,132,-1
82,144,132,-1
83,144,132,-1
84,144,132,-1
85,144,132,-1
86,144,132,-1
87,144,132,-1
88,143,133,0
89,143,133,-1
90,143,133,-1
91,143,133,-1
92,143,133,-1
93,143,133,-1
94,143,133,-1
95,143,133,-1
96,143,133,-1
97,143,133,-1
98,143,133,-1
99,143,133,-1
100,143,133,-1
101,143,133,-1
102,143,133,-1
103,143,133,-1
104,143,133,-1
105,143,133,-1
106,143,133,-1
107,143,133,-1
108,143,133,-1
109,143,134,0
110,143,134,-1
111,143,134,-1
112,143,134,-1
113,143,134,-1
114,143,134,-1
115,143,134,-1
116,143,134,-1
117,143,134,-1
118,143,134,-1
119,143,134,-1
120,143,134,-1
121,143,134,-1
122,143,134,-1
123,143,134,-1
124,143,134,-1
125,143,134,-1
126,143,134,-1
127,143,134,-1
128,143,134,-1
129,143,134,-1
130,143,134,-1
131,142,135,0
132,142,135,-1
133,142,135,-1
134,142,135,-1
135,142,135,-1
136,142,135,-1
137,142,135,-1
138,142,135,-1
139,142,135,-1
140,142,135,-1
141,142,135,-1
142,142,135,-1
143,142,135,-1
144,142,135,-1
145,142,135,-1
146,142,135,-1
147,142,135,-1
148,142,135,-1
149,142,135,-1
150,142,135,-1
151,142,135,-1
152,142,136,0
153,142,136,-1
154,142,136,-1
155,142,136,-1
156,142,136,-1
157,142,136,-1
158,142,136,-1
159,142,136,-1
160,142,136,-1
161,142,136,-1
162,142,136,-1
163,142,136,-1
164,142,136,-1
165,142,136,-1
166,142,136,-1
167,142,136,-1
168,142,136,-1
169,142,136,-1
170,142,136,-1
171,142,136,-1
172,142,136,-1
173,141,137,0
174,141,137,-1
175,141,137,-1
176,141,137,-1
177,141,137,-1
178,141,137,-1
179,141,137,-1
180,141,137,-1
181,141,137,-1
182,141,137,-1
183,141,137,-1
184,141,137,-1
185,141,137,-1
186,141,137,-1
187,141,137,-1
188,141,137,-1
189,141,137,-1
190,141,137,-1
191,141,137,-1
192,141,137,-1
193,141,137,-1
194,141,137,-1
195,141,137,-1
196,141,137,-1
197,141,137,-1
198,141,137,-1
199,141,137,-1
200,140,138,0
201,140,138,-1
202,140,138,-1
203,140,138,-1
204,140,138,-1
205,140,138,-1
206,140,138,-1
207,140,138,-1
208,140,138,-1
209,140,138,-1
210,140,138,-1
211,140,138,-1
212,140,138,-1
213,140,138,-1
214,140,138,-1
215,140,138,-1
216,140,138,-1
217,140,138,-1
218,140,138,-1
219,140,138,-1
220,140,138,-1
221,140,138,-1
222,140,138,-1
223,140,138,-1
224,140,138,-1
225,140,138,-1
226,140,138,-1
227,139,139,0
228,139,139,-1
229,139,139,-1
230,139,139,-1
231,139,139,-1
232,139,139,-1
233,139,139,-1
234,139,139,-1
235,139,139,-1
236,139,139,-1
237,139,139,-1
238,139,139,-1
239,139,139,-1
240,139,139,-1
241,139,139,-1
242,139,139,-1
243,139,139,-1
244,139,139,-1
245,139,139,-1
246,139,139,-1
247,139,139,-1
248,139,139,-1
249,139,139,-1
250,139,139,-1
251,139,139,-1
252,139,139,-1
253,139,139,-1
254,138,140,0
255,138,140,-1
256,138,140,-1
257,138,140,-1
258,138,140,-1
259,138,140,-1
260,138,140,-1
261,138,140,-1
262,138,140,-1
263,138,140,-1
264,138,140,-1
265,138,140,-1
266,138,140,-1
267,138,140,-1
268,138,140,-1
269,138,140,-1
270,138,140,-1
271,138,140,-1
272,138,140,-1
273,138,140,-1
274,138,140,-1
275,138,140,-1
276,138,140,-1
277,138,140,-1
278,138,140,-1
279,138,140,-1
280,138,140,-1
281,137,141,0
282,137,141,-1
283,137,141,-1
284,137,141,-1
285,137,141,-1
286,137,141,-1
287,137,141,-1
288,137,141,-1
289,137,141,-1
290,137,141,-1
291,137,141,-1
292,137,141,-1
293,137,141,-1
294,137,141,-1
295,137,141,-1
296,137,141,-1
297,137,141,-1
298,137,141,-1
299,137,141,-1
300,137,141,-1
301,137,141,-1
302,136,141,0
303,136,141,-1
304,136,141,-1
305,136,141,-1
306,136,141,-1
307,136,141,-1
308,136,141,-1
309,136,141,-1
310,136,141,-1
311,136,141,-1
312,136,141,-1
313,136,141,-1
314,136,141,-1
315,136,141,-1
316,136,141,-1
317,136,141,-1
318,136,141,-1
319,136,141,-1
320,136,141,-1
321,136,141,-1
322,136,141,-1
323,135,142,0
324,135,142,-1
325,135,142,-1
326,135,142,-1
327,135,142,-1
328,135,142,-1
329,135,142,-1
330,135,142,-1
331,135,142,-1
332,135,142,-1
333,135,142,-1
334,135,142,-1
335,135,142,-1
336,135,142,-1
337,135,142,-1
338,135,142,-1
339,135,142,-1
340,135,142,-1
341,135,142,-1
342,135,142,-1
343,135,142,-1
344,135,142,-1
345,134,142,0
346,134,142,-1
347,134,142,-1
348,134,142,-1
349,134,142,-1
350,134,142,-1
351,134,142,-1
352,134,142,-1
353,134,142,-1
354,134,142,-1
355,134,142,-1
356,134,142,-1
357,134,142,-1
358,134,142,-1
359,134,142,-1
360,134,142,-1
361,134,142,-1
362,134,142,-1
363,133,142,0
364,133,142,-1
365,133,142,-1
366,133,142,-1
367,133,142,-1
368,133,142,-1
369,133,142,-1
370,133,142,-1
371,133,142,-1
372,133,142,-1
373,133,142,-1
374,133,142,-1
375,133,142,-1
376,133,142,-1
377,133,142,-1
378,133,142,-1
379,133,142,-1
380,133,142,-1
381,133,142,-1
382,133,142,-1
383,133,142,-1
384,132,143,0
385,132,143,-1
386,132,143,-1
387,132,143,-1
388,132,143,-1
389,132,143,-1
390,132,143,-1
391,132,143,-1
392,132,143,-1
393,132,143,-1
394,132,143,-1
395,132,143,-1
396,132,143,-1
397,132,143,-1
398,132,143,-1
399,132,143,-1
400,132,143,-1
401,132,143,-1
402,132,143,-1
403,132,143,-1
404,132,143,-1
405,131,143,0
406,131,143,-1
407,131,143,-1
408,131,143,-1
409,131,143,-1
410,131,143,-1
411,131,143,-1
412,131,143,-1
413,131,143,-1
414,131,143,-1
415,131,143,-1
416,131,143,-1
417,131,143,-1
418,131,143,-1
419,131,143,-1
420,131,143,-1
421,131,143,-1
422,131,143,-1
423,130,142,0
424,130,142,-1
425,130,142,-1
426,130,142,-1
427,130,142,-1
428,130,142,-1
429,130,142,-1
430,130,142,-1
431,130,142,-1
432,130,142,-1
433,130,142,-1
434,130,142,-1
435,130,142,-1
436,130,142,-1
437,130,142,-1
438,130,142,-1
439,130,142,-1
440,130,142,-1
441,130,142,-1
442,130,142,-1
443,130,142,-1
444,130,142,-1
445,130,142,-1
446,130,142,-1
447,130,142,-1
448,130,142,-1
449,130,142,-1
450,130,142,-1
451,130,142,-1
452,129,142,0
453,129,142,-1
454,129,142,-1
455,129,142,-1
456,129,142,-1
457,129,142,-1
458,129,142,-1
459,129,142,-1
460,129,142,-1
461,129,142,-1
462,129,142,-1
463,128,142,0
464,128,142,-1
465,128,142,-1
466,128,142,-1
467,128,142,-1
468,128,142,-1
469,128,142,-1
470,128,142,-1
471,128,142,-1
472,128,142,-1
473,128,142,-1
474,128,142,-1
475,128,142,-1
476,128,142,-1
477,128,142,-1
478,128,142,-1
479,128,142,-1
480,128,142,-1
481,128,142,-1
482,128,142,-1
483,127,142,0
484,127,142,-1
485,127,142,-1
486,127,142,-1
487,127,142,-1
488,127,142,-1
489,127,142,-1
490,127,142,-1
491,127,142,-1
492,127,142,-1
493,127,142,-1
494,127,142,-1
495,127,142,-1
496,127,142,-1
497,127,142,-1
498,127,142,-1
499,127,142,-1
500,127,142,-1
501,127,142,-1
502,127,142,-1
503,126,142,0
504,126,142,-1
505,126,142,-1
506,126,142,-1
507,126,142,-1
508,126,142,-1
509,126,142,-1
510,126,142,-1
511,126,142,-1
512,126,142,-1
513,126,142,-1
514,126,142,-1
515,126,142,-1
516,126,142,-1
517,126,142,-1
518,126,142,-1
519,126,142,-1
520,126,142,-1
521,126,142,-1
522,126,142,-1
523,125,142,0
524,125,142,-1
525,125,142,-1
526,125,142,-1
527,125,142,-1
528,125,142,-1
529,125,142,-1
530,125,142,-1
531,125,142,-1
532,125,142,-1
533,125,142,-1
534,125,142,-1
535,125,142,-1
536,125,142,-1
537,125,142,-1
538,125,142,-1
539,125,142,-1
540,125,142,-1
541,125,142,-1
542,124,142,0
543,124,142,-1
544,124,142,-1
545,124,142,-1
546,124,142,-1
547,124,142,-1
548,124,142,-1
549,124,142,-1
550,124,142,-1
551,124,142,-1
552,124,142,-1
553,124,142,-1
554,124,142,-1
555,124,142,-1
556,124,142,-1
557,124,142,-1
558,124,142,-1
559,124,142,-1
560,124,142,-1
561,124,142,-1
562,124,142,-1
563,124,142,-1
564,123,141,0
565,123,141,-1
566,123,141,-1
567,123,141,-1
568,123,141,-1
569,123,141,-1
570,123,141,-1
571,123,141,-1
572,123,141,-1
573,123,141,-1
574,123,141,-1
575,123,141,-1
576,123,141,-1
577,123,141,-1
578,123,141,-1
579,123,141,-1
580,123,141,-1
581,123,141,-1
582,123,141,-1
583,123,141,-1
584,123,141,-1
585,122,141,0
586,122,141,-1
587,122,141,-1
588,122,141,-1
589,122,141,-1
590,122,141,-1
591,122,141,-1
592,122,141,-1
593,122,141,-1
594,122,141,-1
595,122,141,-1
596,122,141,-1
597,122,141,-1
598,122,141,-1
599,122,141,-1
600,122,141,-1
601,122,141,-1
602,122,141,-1
603,121,141,0
604,121,141,-1
605,121,141,-1
606,121,141,-1
607,121,141,-1
608,121,141,-1
609,121,141,-1
610,121,141,-1
611,121,141,-1
612,121,141,-1
613,121,141,-1
614,121,141,-1
615,121,141,-1
616,121,141,-1
617,121,141,-1
618,121,141,-1
619,121,141,-1
620,121,141,-1
621,121,141,-1
622,121,141,-1
623,121,141,-1
624,120,140,0
625,120,140,-1
626,120,140,-1
627,120,140,-1
628,120,140,-1
629,120,140,-1
630,120,140,-1
631,120,140,-1
632,120,140,-1
633,120,140,-1
634,120,140,-1
635,120,140,-1
636,120,140,-1
637,120,140,-1
638,120,140,-1
639,120,140,-1
640,120,140,-1
641,120,140,-1
642,120,140,-1
643,120,140,-1
644,120,140,-1
645,120,140,-1
646,120,140,-1
647,120,140,-1
648,120,140,-1
649,120,140,-1
650,120,140,-1
651,119,139,0
652,119,139,-1
653,119,139,-1
654,119,139,-1
655,119,139,-1
656,119,139,-1
657,119,139,-1
658,119,139,-1
659,119,139,-1
660,119,139,-1
661,119,139,-1
662,119,139,-1
663,119,139,-1
664,119,139,-1
665,119,139,-1
666,119,139,-1
667,119,139,-1
668,119,139,-1
669,119,139,-1
670,119,139,-1
671,119,139,-1
672,119,139,-1
673,119,139,-1
674,119,139,-1
675,119,139,-1
676,119,139,-1
677,119,139,-1
678,118,138,0
679,118,138,-1
680,118,138,-1
681,118,138,-1
682,118,138,-1
683,118,138,-1
684,118,138,-1
685,118,138,-1
686,118,138,-1
687,118,138,-1
688,118,138,-1
689,118,138,-1
690,118,138,-1
691,118,138,-1
692,118,138,-1
693,118,138,-1
694,118,138,-1
695,118,138,-1
696,118,138,-1
697,118,138,-1
698,118,138,-1
699,118,138,-1
700,118,138,-1
701,118,138,-1
702,118,138,-1
703,118,138,-1
704,118,138,-1
705,117,137,0
706,117,137,-1
707,117,137,-1
708,117,137,-1
709,117,137,-1
710,117,137,-1
711,117,137,-1
712,117,137,-1
713,117,137,-1
714,117,137,-1
715,117,137,-1
716,117,137,-1
717,117,137,-1
718,117,137,-1
719,117,137,-1
720,117,137,-1
721,117,137,-1
722,117,137,-1
723,117,137,-1
724,117,137,-1
725,117,137,-1
726,117,137,-1
727,117,136,0
728,117,136,-1
729,117,136,-1
730,117,136,-1
731,117,136,-1
732,117,136,-1
733,117,136,-1
734,117,136,-1
735,117,136,-1
736,117,136,-1
737,117,136,-1
738,117,136,-1
739,117,136,-1
740,117,136,-1
741,117,136,-1
742,117,136,-1
743,117,136,-1
744,117,136,-1
745,117,136,-1
746,117,136,-1
747,117,136,-1
748,116,135,0
749,116,135,-1
750,116,135,-1
751,116,135,-1
752,116,135,-1
753,116,135,-1
754,116,135,-1
755,116,135,-1
756,116,135,-1
757,116,135,-1
758,116,135,-1
759,116,135,-1
760,116,135,-1
761,116,135,-1
762,116,135,-1
763,116,135,-1
764,116,135,-1
765,116,135,-1
766,116,135,-1
767,116,135,-1
768,116,135,-1
769,116,135,-1
770,116,135,-1
771,116,134,0
772,116,134,-1
773,116,134,-1
774,116,134,-1
775,116,134,-1
776,116,134,-1
777,116,134,-1
778,116,134,-1
779,116,134,-1
780,116,134,-1
781,116,134,-1
782,116,134,-1
783,116,134,-1
784,116,134,-1
785,116,134,-1
786,116,134,-1
787,116,134,-1
788,116,134,-1
789,116,133,0
790,116,133,-1
791,116,133,-1
792,116,133,-1
793,116,133,-1
794,116,133,-1
795,116,133,-1
796,116,133,-1
797,116,133,-1
798,116,133,-1
799,116,133,-1
800,116,133,-1
801,116,133,-1
802,116,133,-1
803,116,133,-1
804,116,133,-1
805,116,133,-1
806,116,133,-1
807,116,133,-1
808,116,133,-1
809,116,133,-1
810,116,133,-1
811,115,132,0
812,115,132,-1
813,115,132,-1
814,115,132,-1
815,115,132,-1
816,115,132,-1
817,115,132,-1
818,115,132,-1
819,115,132,-1
820,115,132,-1
821,115,132,-1
822,115,132,-1
823,115,132,-1
824,115,132,-1
825,115,132,-1
826,115,132,-1
827,115,132,-1
828,115,132,-1
829,115,132,-1
830,115,132,-1
831,115,132,-1
832,115,132,-1
833,115,131,0
834,115,131,-1
835,115,131,-1
836,115,131,-1
837,115,131,-1
838,115,131,-1
839,115,131,-1
840,115,131,-1
841,115,131,-1
842,115,131,-1
843,115,131,-1
844,115,131,-1
845,115,131,-1
846,115,131,-1
847,115,131,-1
848,115,131,-1
849,115,131,-1
850,115,131,-1
851,115,131,-1
852,115,131,-1
853,115,130,0
854,115,130,-1
855,115,130,-1
856,115,130,-1
857,115,130,-1
858,115,130,-1
859,115,130,-1
860,115,130,-1
861,115,130,-1
862,115,130,-1
863,115,130,-1
864,115,130,-1
865,115,130,-1
866,115,130,-1
867,115,130,-1
868,115,130,-1
869,115,130,-1
870,115,130,-1
871,115,130,-1
872,115,130,-1
873,115,129,0
874,115,129,-1
875,115,129,-1
876,115,129,-1
877,115,129,-1
878,115,129,-1
879,115,129,-1
880,115,129,-1
881,115,129,-1
882,115,129,-1
883,115,129,-1
884,115,129,-1
885,115,129,-1
886,115,129,-1
887,115,129,-1
888,115,129,-1
889,115,129,-1
890,115,129,-1
891,115,129,-1
892,115,129,-1
893,116,128,0
894,116,128,-1
895,116,128,-1
896,116,128,-1
897,116,128,-1
898,116,128,-1
899,116,128,-1
900,116,128,-1
901,116,128,-1
902,116,128,-1
903,116,128,-1
904,116,128,-1
905,116,128,-1
906,116,128,-1
907,116,128,-1
908,116,128,-1
909,116,128,-1
910,116,128,-1
911,116,128,-1
912,116,128,-1
913,116,128,-1
914,116,128,-1
915,116,127,0
916,116,127,-1
917,116,127,-1
918,116,127,-1
919,116,127,-1
920,116,127,-1
921,116,127,-1
922,116,127,-1
923,116,127,-1
924,116,127,-1
925,116,127,-1
926,116,127,-1
927,116,127,-1
928,116,127,-1
929,116,127,-1
930,116,127,-1
931,116,127,-1
932,116,127,-1
933,116,127,-1
934,116,127,-1
935,116,127,-1
936,116,126,0
937,116,126,-1
938,116,126,-1
939,116,126,-1
940,116,126,-1
941,116,126,-1
942,116,126,-1
943,116,126,-1
944,116,126,-1
945,116,126,-1
946,116,126,-1
947,116,126,-1
948,116,126,-1
949,116,126,-1
950,116,126,-1
951,116,126,-1
952,116,126,-1
953,116,126,-1
954,116,126,-1
955,116,126,-1
956,116,126,-1
957,116,126,-1
958,116,125,0
959,116,125,-1
960,116,125,-1
961,116,125,-1
962,116,125,-1
963,116,125,-1
964,116,125,-1
965,116,125,-1
966,116,125,-1
967,116,125,-1
968,116,125,-1
969,116,125,-1
970,116,125,-1
971,116,125,-1
972,116,125,-1
973,116,125,-1
974,116,125,-1
975,116,125,-1
976,116,125,-1
977,116,125,-1
978,116,125,-1
979,116,124,0
980,116,124,-1
981,116,124,-1
982,116,124,-1
983,116,124,-1
984,116,124,-1
985,116,124,-1
986,116,124,-1
987,116,124,-1
988,116,124,-1
989,116,124,-1
990,116,124,-1
991,116,124,-1
992,116,124,-1
993,116,124,-1
994,116,124,-1
995,116,124,-1
996,116,124,-1
997,116,124,-1
998,116,124,-1
999,116,124,-1
1000,116,124,-1
1001,116,124,-1
1002,116,124,-1
1003,117,123,0
1004,117,123,-1
1005,117,123,-1
1006,117,123,-1
1007,117,123,-1
1008,117,123,-1
1009,117,123,-1
1010,117,123,-1
1011,117,123,-1
1012,117,123,-1
1013,117,123,-1
1014,117,123,-1
1015,117,123,-1
1016,117,123,-1
1017,117,123,-1
1018,117,123,-1
1019,117,123,-1
1020,117,123,-1
1021,117,123,-1
1022,117,123,-1
1023,117,123,-1
1024,117,123,-1
1025,117,123,-1
1026,117,123,-1
1027,117,123,-1
1028,117,123,-1
1029,117,123,-1
1030,117,123,-1
1031,117,123,-1
1032,118,122,0
1033,118,122,-1
1034,118,122,-1
1035,118,122,-1
1036,118,122,-1
1037,118,122,-1
1038,118,122,-1
1039,118,122,-1
1040,118,122,-1
1041,118,122,-1
1042,118,122,-1
1043,118,122,-1
1044,118,122,-1
1045,118,122,-1
1046,118,122,-1
1047,118,122,-1
1048,118,122,-1
1049,118,122,-1
1050,118,122,-1
1051,118,122,-1
1052,118,122,-1
1053,118,122,-1
1054,118,122,-1
1055,118,122,-1
1056,118,122,-1
1057,118,121,0
1058,118,121,-1
1059,118,121,-1
1060,118,121,-1
1061,118,121,-1
1062,118,121,-1
1063,118,121,-1
1064,118,121,-1
1065,118,121,-1
1066,118,121,-1
1067,118,121,-1
1068,118,121,-1
1069,118,121,-1
1070,118,121,-1
1071,118,121,-1
1072,118,121,-1
1073,118,121,-1
1074,118,121,-1
1075,118,121,-1
1076,118,121,-1
1077,118,121,-1
1078,118,121,-1
1079,118,121,-1
1080,118,121,-1
1081,118,121,-1
1082,119,120,0
1083,119,120,-1
1084,119,120,-1
1085,119,120,-1
1086,119,120,-1
1087,119,120,-1
1088,119,120,-1
1089,119,120,-1
1090,119,120,-1
1091,119,120,-1
1092,119,120,-1
1093,119,120,-1
1094,119,120,-1
1095,119,120,-1
1096,119,120,-1
1097,119,120,-1
1098,119,120,-1
1099,119,120,-1
1100,119,120,-1
1101,119,120,-1
1102,119,120,-1
1103,119,120,-1
1104,119,120,-1
1105,119,120,-1
1106,119,120,-1
1107,119,120,-1
1108,119,120,-1
1109,119,120,-1
1110,119,120,-1
1111,119,120,-1
1112,119,120,-1
1113,120,119,0
1114,120,119,-1
1115,120,119,-1
1116,120,119,-1
1117,120,119,-1
1118,120,119,-1
1119,120,119,-1
1120,120,119,-1
1121,120,119,-1
1122,120,119,-1
1123,120,119,-1
1124,120,119,-1
1125,120,119,-1
1126,120,119,-1
1127,120,119,-1
1128,120,119,-1
1129,120,119,-1
1130,120,119,-1
1131,120,119,-1
1132,120,119,-1
1133,120,119,-1
1134,120,119,-1
1135,120,119,-1
1136,120,119,-1
1137,120,119,-1
1138,120,119,-1
1139,120,119,-1
1140,120,119,-1
1141,120,119,-1
1142,120,119,-1
1143,120,119,-1
1144,120,119,-1
1145,121,118,0
1146,121,118,-1
1147,121,118,-1
1148,121,118,-1
1149,121,118,-1
1150,121,118,-1
1151,121,118,-1
1152,121,118,-1
1153,121,118,-1
1154,121,118,-1
1155,121,118,-1
1156,121,118,-1
1157,121,118,-1
1158,121,118,-1
1159,121,118,-1
1160,121,118,-1
1161,121,118,-1
1162,121,118,-1
1163,121,118,-1
1164,121,118,-1
1165,121,118,-1
1166,121,118,-1
1167,121,118,-1
1168,121,118,-1
1169,121,118,-1
1170,121,118,-1
1171,121,118,-1
1172,121,118,-1
1173,121,118,-1
1174,121,118,-1
1175,121,118,-1
1176,122,117,0
1177,122,117,-1
1178,122,117,-1
1179,122,117,-1
1180,122,117,-1
1181,122,117,-1
1182,122,117,-1
1183,122,117,-1
1184,122,117,-1
1185,122,117,-1
1186,122,117,-1
1187,122,117,-1
1188,122,117,-1
1189,122,117,-1
1190,122,117,-1
1191,122,117,-1
1192,122,117,-1
1193,122,117,-1
1194,122,117,-1
1195,122,117,-1
1196,122,117,-1
1197,122,117,-1
1198,122,117,-1
1199,122,117,-1
1200,122,117,-1
1201,122,117,-1
1202,122,117,-1
1203,122,117,-1
1204,122,117,-1
1205,122,117,-1
1206,122,117,-1
1207,123,116,0
1208,123,116,-1
1209,123,116,-1
1210,123,116,-1
1211,123,116,-1
1212,123,116,-1
1213,123,116,-1
1214,123,116,-1
1215,123,116,-1
1216,123,116,-1
1217,123,116,-1
1218,123,116,-1
1219,123,116,-1
1220,123,116,-1
1221,123,116,-1
1222,123,116,-1
1223,123,116,-1
1224,123,116,-1
1225,123,116,-1
1226,123,116,-1
1227,123,116,-1
1228,123,116,-1
1229,123,116,-1
1230,123,116,-1
1231,123,116,-1
1232,123,116,-1
1233,123,116,-1
1234,123,116,-1
1235,124,115,0
1236,124,115,-1
1237,124,115,-1
1238,124,115,-1
1239,124,115,-1
1240,124,115,-1
1241,124,115,-1
1242,124,115,-1
1243,124,115,-1
1244,124,115,-1
1245,124,115,-1
1246,124,115,-1
1247,124,115,-1
1248,124,115,-1
1249,124,115,-1
1250,124,115,-1
1251,124,115,-1
1252,124,115,-1
1253,124,115,-1
1254,124,115,-1
1255,124,115,-1
1256,124,115,-1
1257,124,115,-1
1258,124,115,-1
1259,125,115,0
1260,125,115,-1
1261,125,115,-1
1262,125,115,-1
1263,125,115,-1
1264,125,115,-1
1265,125,115,-1
1266,125,115,-1
1267,125,115,-1
1268,125,115,-1
1269,125,115,-1
1270,125,115,-1
1271,125,115,-1
1272,125,115,-1
1273,125,115,-1
1274,125,115,-1
1275,125,115,-1
1276,125,115,-1
1277,125,115,-1
1278,125,115,-1
1279,125,115,-1
1280,125,115,-1
1281,126,114,0
1282,126,114,-1
1283,126,114,-1
1284,126,114,-1
1285,126,114,-1
1286,126,114,-1
1287,126,114,-1
1288,126,114,-1
1289,126,114,-1
1290,126,114,-1
1291,126,114,-1
1292,126,114,-1
1293,126,114,-1
1294,126,114,-1
1295,126,114,-1
1296,126,114,-1
1297,126,114,-1
1298,126,114,-1
1299,126,114,-1
1300,126,114,-1
1301,126,114,-1
1302,126,114,-1
1303,126,114,-1
1304,127,114,0
1305,127,114,-1
1306,127,114,-1
1307,127,114,-1
1308,127,114,-1
1309,127,114,-1
1310,127,114,-1
1311,127,114,-1
1312,127,114,-1
1313,127,114,-1
1314,127,114,-1
1315,127,114,-1
1316,127,114,-1
1317,127,114,-1
1318,127,114,-1
1319,127,114,-1
1320,127,114,-1
1321,127,114,-1
1322,127,114,-1
1323,127,114,-1
1324,128,114,0
1325,128,114,-1
1326,128,114,-1
1327,128,114,-1
1328,128,114,-1
1329,128,114,-1
1330,128,114,-1
1331,128,114,-1
1332,128,114,-1
1333,128,114,-1
1334,128,114,-1
1335,128,114,-1
1336,128,114,-1
1337,128,114,-1
1338,128,114,-1
1339,128,114,-1
1340,128,114,-1
1341,128,114,-1
1342,128,114,-1
1343,128,114,-1
1344,129,114,0
1345,129,114,-1
1346,129,114,-1
1347,129,114,-1
1348,129,114,-1
1349,129,114,-1
1350,129,114,-1
1351,129,114,-1
1352,129,114,-1
1353,129,114,-1
1354,129,114,-1
1355,129,114,-1
1356,129,114,-1
1357,129,114,-1
1358,129,114,-1
1359,129,114,-1
1360,129,114,-1
1361,129,114,-1
1362,129,114,-1
1363,129,114,-1
1364,129,114,-1
1365,130,114,0
1366,130,114,-1
1367,130,114,-1
1368,130,114,-1
1369,130,114,-1
1370,130,114,-1
1371,130,114,-1
1372,130,114,-1
1373,130,114,-1
1374,130,114,-1
1375,130,114,-1
1376,130,114,-1
1377,130,114,-1
1378,130,114,-1
1379,130,114,-1
1380,130,114,-1
1381,130,114,-1
1382,130,114,-1
1383,130,114,-1
1384,131,113,0
1385,131,113,-1
1386,131,113,-1
1387,131,113,-1
1388,131,113,-1
1389,131,113,-1
1390,131,113,-1
1391,131,113,-1
1392,131,113,-1
1393,131,113,-1
1394,131,113,-1
1395,131,113,-1
1396,131,113,-1
1397,131,113,-1
1398,131,113,-1
1399,131,113,-1
1400,131,113,-1
1401,131,113,-1
1402,132,113,0
1403,132,113,-1
1404,132,113,-1
1405,132,113,-1
1406,132,113,-1
1407,132,113,-1
1408,132,113,-1
1409,132,113,-1
1410,132,113,-1
1411,132,113,-1
1412,132,113,-1
1413,132,113,-1
1414,132,113,-1
1415,132,113,-1
1416,132,113,-1
1417,132,113,-1
1418,132,113,-1
1419,132,113,-1
1420,133,113,0
1421,133,113,-1
1422,133,113,-1
1423,133,113,-1
1424,133,113,-1
1425,133,113,-1
1426,133,113,-1
1427,133,113,-1
1428,133,113,-1
1429,133,113,-1
1430,133,113,-1
1431,133,113,-1
1432,133,113,-1
1433,133,113,-1
1434,133,113,-1
1435,133,113,-1
1436,133,113,-1
1437,133,113,-1
1438,134,113,0
1439,134,113,-1
1440,134,113,-1
1441,134,113,-1
1442,134,113,-1
1443,134,113,-1
1444,134,113,-1
1445,134,113,-1
1446,134,113,-1
1447,134,113,-1
1448,134,113,-1
1449,134,113,-1
1450,134,113,-1
1451,134,113,-1
1452,134,113,-1
1453,134,113,-1
1454,134,113,-1
1455,135,113,0
1456,135,113,-1
1457,135,113,-1
1458,135,113,-1
1459,135,113,-1
1460,135,113,-1
1461,135,113,-1
1462,135,113,-1
1463,135,113,-1
1464,135,113,-1
1465,135,113,-1
1466,135,113,-1
1467,135,113,-1
1468,135,113,-1
1469,135,113,-1
1470,135,113,-1
1471,135,113,-1
1472,135,113,-1
1473,135,113,-1
1474,135,113,-1
1475,135,113,-1
1476,136,114,0
1477,136,114,-1
1478,136,114,-1
1479,136,114,-1
1480,136,114,-1
1481,136,114,-1
1482,136,114,-1
1483,136,114,-1
1484,136,114,-1
1485,136,114,-1
1486,136,114,-1
1487,136,114,-1
1488,136,114,-1
1489,136,114,-1
1490,136,114,-1
1491,136,114,-1
1492,136,114,-1
1493,136,114,-1
1494,136,114,-1
1495,136,114,-1
1496,137,114,0
1497,137,114,-1
1498,137,114,-1
1499,137,114,-1
1500,137,114,-1
1501,137,114,-1
1502,137,114,-1
1503,137,114,-1
1504,137,114,-1
1505,137,114,-1
1506,137,114,-1
1507,137,114,-1
1508,137,114,-1
1509,137,114,-1
1510,137,114,-1
1511,138,114,0
1512,138,114,-1
1513,138,114,-1
1514,138,114,-1
1515,138,114,-1
1516,138,114,-1
1517,138,114,-1
1518,138,114,-1
1519,138,114,-1
1520,138,114,-1
1521,138,114,-1
1522,138,114,-1
1523,138,114,-1
1524,138,114,-1
1525,138,114,-1
1526,138,114,-1
1527,138,114,-1
1528,138,114,-1
1529,138,114,-1
1530,138,114,-1
1531,139,115,0
1532,139,115,-1
1533,139,115,-1
1534,139,115,-1
1535,139,115,-1
1536,139,115,-1
1537,139,115,-1
1538,139,115,-1
1539,139,115,-1
1540,139,115,-1
1541,139,115,-1
1542,139,115,-1
1543,139,115,-1
1544,139,115,-1
1545,139,115,-1
1546,139,115,-1
1547,139,115,-1
1548,139,115,-1
1549,139,115,-1
1550,139,115,-1
1551,139,115,-1
1552,139,115,-1
1553,139,115,-1
1554,139,115,-1
1555,140,116,0
1556,140,116,-1
1557,140,116,-1
1558,140,116,-1
1559,140,116,-1
1560,140,116,-1
1561,140,116,-1
1562,140,116,-1
1563,140,116,-1
1564,140,116,-1
1565,140,116,-1
1566,140,116,-1
1567,140,116,-1
1568,140,116,-1
1569,140,116,-1
1570,140,116,-1
1571,140,116,-1
1572,140,116,-1
1573,140,116,-1
1574,140,116,-1
1575,140,116,-1
1576,140,116,-1
1577,140,116,-1
1578,140,116,-1
1579,140,116,-1
1580,141,117,0
1581,141,117,-1
1582,141,117,-1
1583,141,117,-1
1584,141,117,-1
1585,141,117,-1
1586,141,117,-1
1587,141,117,-1
1588,141,117,-1
1589,141,117,-1
1590,141,117,-1
1591,141,117,-1
1592,141,117,-1
1593,141,117,-1
1594,141,117,-1
1595,141,117,-1
1596,141,117,-1
1597,141,117,-1
1598,141,117,-1
1599,141,118,0
1600,141,118,-1
1601,141,118,-1
1602,141,118,-1
1603,141,118,-1
1604,141,118,-1
1605,141,118,-1
1606,141,118,-1
1607,141,118,-1
1608,141,118,-1
1609,141,118,-1
1610,141,118,-1
1611,141,118,-1
1612,141,118,-1
1613,141,118,-1
1614,141,118,-1
1615,141,118,-1
1616,141,118,-1
1617,141,118,-1
1618,141,118,-1
1619,142,119,0
1620,142,119,-1
1621,142,119,-1
1622,142,119,-1
1623,142,119,-1
1624,142,119,-1
1625,142,119,-1
1626,142,119,-1
1627,142,119,-1
1628,142,119,-1
1629,142,119,-1
1630,142,119,-1
1631,142,119,-1
1632,142,119,-1
1633,142,119,-1
1634,142,119,-1
1635,142,119,-1
1636,142,119,-1
1637,142,119,-1
1638,142,119,-1
1639,142,120,0
1640,142,120,-1
1641,142,120,-1
1642,142,120,-1
1643,142,120,-1
1644,142,120,-1
1645,142,120,-1
1646,142,120,-1
1647,142,120,-1
1648,142,120,-1
1649,142,120,-1
1650,142,120,-1
1651,142,120,-1
1652,142,120,-1
1653,142,120,-1
1654,142,120,-1
1655,142,120,-1
1656,142,120,-1
1657,142,120,-1
1658,142,120,-1
1659,142,120,-1
1660,143,121,0
1661,143,121,-1
1662,143,121,-1
1663,143,121,-1
1664,143,121,-1
1665,143,121,-1
1666,143,121,-1
1667,143,121,-1
1668,143,121,-1
1669,143,121,-1
1670,143,121,-1
1671,143,121,-1
1672,143,121,-1
1673,143,121,-1
1674,143,121,-1
1675,143,121,-1
1676,143,121,-1
1677,143,121,-1
1678,143,121,-1
1679,143,121,-1
1680,143,121,-1
1681,143,122,0
1682,143,122,-1
1683,143,122,-1
1684,143,122,-1
1685,143,122,-1
1686,143,122,-1
1687,143,122,-1
1688,143,122,-1
1689,143,122,-1
1690,143,122,-1
1691,143,122,-1
1692,143,122,-1
1693,143,122,-1
1694,143,122,-1
1695,143,122,-1
1696,143,122,-1
1697,143,122,-1
1698,143,123,0
1699,143,123,-1
1700,143,123,-1
1701,143,123,-1
1702,143,123,-1
1703,143,123,-1
1704,143,123,-1
1705,143,123,-1
1706,143,123,-1
1707,143,123,-1
1708,143,123,-1
1709,143,123,-1
1710,143,123,-1
1711,143,123,-1
1712,143,123,-1
1713,143,123,-1
1714,143,123,-1
1715,143,123,-1
1716,143,123,-1
1717,143,123,-1
1718,143,123,-1
1719,144,124,0
1720,144,124,-1
1721,144,124,-1
1722,144,124,-1
1723,144,124,-1
1724,144,124,-1
1725,144,124,-1
1726,144,124,-1
1727,144,124,-1
1728,144,124,-1
1729,144,124,-1
1730,144,124,-1
1731,144,124,-1
1732,144,124,-1
1733,144,124,-1
1734,144,124,-1
1735,144,124,-1
1736,144,124,-1
1737,144,124,-1
1738,144,124,-1
1739,144,124,-1
1740,144,125,0
1741,144,125,-1
1742,144,125,-1
1743,144,125,-1
1744,144,125,-1
1745,144,125,-1
1746,144,125,-1
1747,144,125,-1
1748,144,125,-1
1749,144,125,-1
1750,144,125,-1
1751,144,125,-1
1752,144,125,-1
1753,144,125,-1
1754,144,125,-1
1755,144,125,-1
1756,144,125,-1
1757,144,125,-1
1758,144,126,0
1759,144,126,-1
1760,144,126,-1
1761,144,126,-1
1762,144,126,-1
1763,144,126,-1
1764,144,126,-1
1765,144,126,-1
1766,144,126,-1
1767,144,126,-1
1768,144,126,-1
1769,144,126,-1
1770,144,126,-1
1771,144,126,-1
1772,144,126,-1
1773,144,126,-1
1774,144,126,-1
1775,144,126,-1
1776,144,126,-1
1777,144,127,0
1778,144,127,-1
1779,144,127,-1
1780,144,127,-1
1781,144,127,-1
1782,144,127,-1
1783,144,127,-1
1784,144,127,-1
1785,144,127,-1
1786,144,127,-1
1787,144,127,-1
1788,144,127,-1
1789,144,127,-1
1790,144,127,-1
1791,144,127,-1
1792,144,127,-1
1793,144,127,-1
1794,144,127,-1
1795,144,127,-1
1796,144,127,-1
1797,144,127,-1
1798,144,127,-1
1799,144,127,-1
1800,144,127,-1
1801,144,128,0
1802,144,128,-1
1803,144,128,-1
1804,144,128,-1
1805,144,128,-1
1806,144,128,-1
1807,144,128,-1
1808,144,128,-1
1809,144,128,-1
1810,144,128,-1
1811,144,128,-1
1812,144,128,-1
1813,144,128,-1
1814,144,128,-1
1815,144,128,-1
1816,144,128,-1
1817,144,128,-1
1818,144,128,-1
1819,144,128,-1
1820,144,128,-1
1821,144,128,-1
1822,144,128,-1
1823,144,128,-1
1824,144,128,-1
1825,144,128,-1
1826,144,128,-1
1827,144,128,-1
1828,144,128,-1
1829,144,128,-1
1830,144,128,-1
1831,144,128,-1
1832,144,128,-1
1833,144,128,-1
1834,144,128,-1
1835,144,128,-1
1836,144,128,-1
1837,144,128,-1
1838,144,128,-1
1839,144,128,-1
1840,144,128,-1
1841,144,128,-1
1842,144,128,-1
1843,144,128,-1
1844,144,128,-1
1845,144,128,-1
1846,144,128,-1
1847,144,128,-1
1848,144,128,-1
1849,144,128,-1
1850,144,128,-1
1851,144,128,-1
1852,144,128,-1
1853,144,128,-1
1854,144,128,-1
1855,144,128,-1
1856,144,128,-1
1857,144,128,-1
1858,144,128,-1
1859,144,128,-1
1860,144,128,-1
1861,144,128,-1
1862,144,128,-1
1863,144,128,-1
1864,144,128,-1
1865,144,128,-1
1866,144,128,-1
1867,144,128,-1
1868,144,128,-1
1869,144,128,-1
1870,144,128,-1
1871,144,128,-1
1872,144,128,-1
1873,144,128,-1
1874,144,128,-1
1875,144,128,-1
1876,144,128,-1
1877,144,128,-1
1878,144,128,-1
1879,144,128,-1
1880,144,128,-1
1881,144,128,-1
1882,144,128,-1
1883,144,128,-1
1884,144,128,-1
1885,144,128,-1
1886,144,128,-1
1887,144,128,-1
1888,144,128,-1
1889,144,128,-1
1890,144,128,-1
1891,144,128,-1
1892,144,128,-1
1893,144,128,-1
1894,144,128,-1
1895,144,128,-1
1896,144,128,-1
1897,144,128,-1
1898,144,128,-1
1899,144,128,-1
1900,144,128,-1
1901,144,128,-1
1902,144,128,-1
1903,144,128,-1
1904,144,128,-1
1905,144,128,-1
1906,144,128,-1
1907,144,128,-1
1908,144,128,-1
1909,144,128,-1
1910,144,128,-1
1911,144,128,-1
1912,144,128,-1
1913,144,128,-1
1914,144,128,-1
1915,144,128,-1
1916,144,128,-1
1917,144,128,-1
1918,144,128,-1
1919,144,128,-1
1920,144,128,-1
1921,144,128,-1
1922,144,128,-1
1923,144,128,-1
1924,144,128,-1
1925,144,128,-1
1926,144,128,-1
1927,144,128,-1
1928,144,128,-1
1929,144,128,-1
1930,144,128,-1
1931,144,128,-1
1932,144,128,-1
1933,144,128,-1
1934,144,128,-1
1935,144,128,-1
1936,144,128,-1
1937,144,128,-1
1938,144,128,-1
1939,144,128,-1
1940,144,128,-1
1941,144,128,-1
1942,144,128,-1
1943,144,128,-1
1944,144,128,-1
1945,144,128,-1
1946,144,128,-1
1947,144,128,-1
1948,144,128,-1
1949,144,128,-1
1950,144,128,-1
1951,144,128,-1
1952,144,128,-1
1953,144,128,-1
1954,144,128,-1
1955,144,128,-1
1956,144,128,-1
1957,144,128,-1
1958,144,128,-1
1959,144,128,-1
1960,144,128,-1
1961,144,128,-1
1962,144,128,-1
1963,144,128,-1
1964,144,128,-1
1965,144,128,-1
1966,144,128,-1
1967,144,128,-1
1968,144,128,-1
1969,144,128,-1
1970,144,128,-1
1971,144,128,-1
1972,144,128,-1
1973,144,128,-1
1974,144,128,-1
1975,144,128,-1
1976,144,128,-1
1977,144,128,-1
1978,144,128,-1
1979,144,128,-1
1980,144,128,-1
1981,144,128,-1
1982,144,128,-1
1983,144,128,-1
1984,144,128,-1
1985,144,128,-1
1986,144,128,-1
1987,144,128,-1
1988,144,128,-1
1989,144,128,-1
1990,144,128,-1
1991,144,128,-1
1992,144,128,-1
1993,144,128,-1
1994,144,128,-1
1995,144,128,-1
1996,144,128,-1
1997,144,128,-1
1998,144,128,-1
1999,144,128,-1
2000,144,128,-1
2001,144,128,-1
2002,144,128,-1
2003,144,128,-1
2004,144,128,-1
2005,144,128,-1
2006,144,128,-1
2007,144,128,-1
2008,144,128,-1
2009,144,128,-1
2010,144,128,-1
2011,144,128,-1
2012,144,128,-1
2013,144,128,-1
2014,144,128,-1
2015,144,128,-1
2016,144,128,-1
2017,144,128,-1
2018,144,128,-1
2019,144,128,-1
2020,144,128,-1
2021,144,128,-1
2022,144,128,-1
2023,144,128,-1
2024,144,128,-1
2025,144,128,-1
2026,144,128,-1
2027,144,128,-1
2028,144,128,-1
2029,144,128,-1
2030,144,128,-1
2031,144,128,-1
2032,144,128,-1
2033,144,128,-1
2034,144,128,-1
2035,144,128,-1
2036,144,128,-1
2037,144,128,-1
2038,144,128,-1
2039,144,128,-1
2040,144,128,-1
2041,144,128,-1
2042,144,128,-1
2043,144,128,-1
2044,144,128,-1
2045,144,128,-1
2046,144,128,-1
2047,144,128,-1
2048,144,128,-1
2049,144,128,-1
2050,144,128,-1
2051,144,128,-1
2052,144,128,-1
2053,144,128,-1
2054,144,128,-1
2055,144,128,-1
2056,144,128,-1
2057,144,128,-1
2058,144,128,-1
2059,144,128,-1
2060,144,128,-1
2061,144,128,-1
2062,144,128,-1
2063,144,128,-1
2064,144,128,-1
2065,144,128,-1
2066,144,128,-1
2067,144,128,-1
2068,144,128,-1
2069,144,128,-1
2070,144,128,-1
2071,144,128,-1
2072,144,128,-1
2073,144,128,-1
2074,144,128,-1
2075,144,128,-1
2076,144,128,-1
2077,144,128,-1
2078,144,128,-1
2079,144,128,-1
2080,144,128,-1
2081,144,128,-1
2082,144,128,-1
2083,144,128,-1
2084,144,128,-1
2085,144,128,-1
2086,144,128,-1
2087,144,128,-1
2088,144,128,-1
2089,144,128,-1
2090,144,128,-1
2091,144,128,-1
2092,144,128,-1
2093,144,128,-1
2094,144,128,-1
2095,144,128,-1
2096,144,128,-1
2097,144,128,-1
2098,144,128,-1
2099,144,128,-1
2100,144,128,-1
2101,144,128,-1
2102,144,128,-1
2103,144,128,-1
2104,144,128,-1
2105,144,128,-1
2106,144,128,-1
2107,144,128,-1
2108,144,128,-1
2109,144,128,-1
2110,144,128,-1
2111,144,128,-1
2112,144,128,-1
2113,144,128,-1
2114,144,128,-1
2115,144,128,-1
2116,144,128,-1
2117,144,128,-1
2118,144,128,-1
2119,144,128,-1
2120,144,128,-1
2121,144,128,-1
2122,144,128,-1
2123,144,128,-1
2124,144,128,-1
2125,144,128,-1
2126,144,128,-1
2127,144,128,-1
2128,144,128,-1
2129,144,128,-1
2130,144,128,-1
2131,144,128,-1
2132,144,128,-1
2133,144,128,-1
2134,144,128,-1
2135,144,128,-1
2136,144,128,-1
2137,144,128,-1
2138,144,128,-1
2139,144,128,-1
2140,144,128,-1
2141,144,128,-1
2142,144,128,-1
2143,144,128,-1
2144,144,128,-1
2145,144,128,-1
2146,144,128,-1
2147,144,128,-1
2148,144,128,-1
2149,144,128,-1
2150,144,128,-1
2151,144,128,-1
2152,144,128,-1
2153,144,128,-1
2154,144,128,-1
2155,144,128,-1
2156,144,128,-1
2157,144,128,-1
2158,144,128,-1
2159,144,128,-1
2160,144,128,-1
2161,144,128,-1
2162,144,128,-1
2163,144,128,-1
2164,144,128,-1
2165,144,128,-1
2166,144,128,-1
2167,144,128,-1
2168,144,128,-1
2169,144,128,-1
2170,144,128,-1
2171,144,128,-1
2172,144,128,-1
2173,144,128,-1
2174,144,128,-1
2175,144,128,-1
2176,144,128,-1
2177,144,128,-1
2178,144,128,-1
2179,144,128,-1
2180,144,128,-1
2181,144,128,-1
2182,144,128,-1
2183,144,128,-1
2184,144,128,-1
2185,144,128,-1
2186,144,128,-1
2187,144,128,-1
2188,144,128,-1
2189,144,128,-1
2190,144,128,-1
2191,144,128,-1
2192,144,128,-1
2193,144,128,-1
2194,144,128,-1
2195,144,128,-1
2196,144,128,-1
2197,144,128,-1
2198,144,128,-1
2199,144,128,-1
2200,144,128,-1
2201,144,128,-1
2202,144,128,-1
2203,144,128,-1
2204,144,128,-1
2205,144,128,-1
2206,144,128,-1
2207,144,128,-1
2208,144,128,-1
2209,144,128,-1
2210,144,128,-1
2211,144,128,-1
2212,144,128,-1
2213,144,128,-1
2214,144,128,-1
2215,144,128,-1
2216,144,128,-1
2217,144,128,-1
2218,144,128,-1
2219,144,128,-1
2220,144,128,-1
2221,144,128,-1
2222,144,128,-1
2223,144,128,-1
2224,144,128,-1
2225,144,128,-1
2226,144,128,-1
2227,144,128,-1
2228,144,128,-1
2229,144,128,-1
2230,144,128,-1
2231,144,128,-1
2232,144,128,-1
2233,144,128,-1
2234,144,128,-1
2235,144,128,-1
2236,144,128,-1
2237,144,128,-1
2238,144,128,-1
2239,144,128,-1
2240,144,128,-1
2241,144,128,-1
2242,144,128,-1
2243,144,128,-1
2244,144,128,-1
2245,144,128,-1
2246,144,128,-1
2247,144,128,-1
2248,144,128,-1
2249,144,128,-1
2250,144,128,-1
2251,144,128,-1
2252,144,128,-1
2253,144,128,-1
2254,144,128,-1
2255,144,128,-1
2256,144,128,-1
2257,144,128,-1
2258,144,128,-1
2259,144,128,-1
2260,144,128,-1
2261,144,128,-1
2262,144,128,-1
2263,144,128,-1
2264,144,128,-1
2265,144,128,-1
2266,144,128,-1
2267,144,128,-1
2268,144,128,-1
2269,144,128,-1
2270,144,128,-1
2271,144,128,-1
2272,144,128,-1
2273,144,128,-1
2274,144,128,-1
2275,144,128,-1
2276,144,128,-1
2277,144,128,-1
2278,144,128,-1
2279,144,128,-1
2280,144,128,-1
2281,144,128,-1
2282,144,128,-1
2283,144,128,-1
2284,144,128,-1
2285,144,128,-1
2286,144,128,-1
2287,144,128,-1
2288,144,128,-1
2289,144,128,-1
2290,144,128,-1
2291,144,128,-1
2292,144,128,-1
2293,144,128,-1
2294,144,128,-1
2295,144,128,-1
2296,144,128,-1
2297,144,128,-1
2298,144,128,-1
2299,144,128,-1
2300,144,128,-1
2301,144,128,-1
2302,144,128,-1
2303,144,128,-1
2304,144,128,-1
2305,144,128,-1
2306,144,128,-1
2307,144,128,-1
2308,144,128,-1
2309,144,128,-1
2310,144,128,-1
2311,144,128,-1
2312,144,128,-1
2313,144,128,-1
2314,144,128,-1
2315,144,128,-1
2316,144,128,-1
2317,144,128,-1
2318,144,128,-1
2319,144,128,-1
2320,144,128,-1
2321,144,128,-1
2322,144,128,-1
2323,144,128,-1
2324,144,128,-1
2325,144,128,-1
2326,144,128,-1
2327,144,128,-1
2328,144,128,-1
2329,144,128,-1
2330,144,128,-1
2331,144,128,-1
2332,144,128,-1
2333,144,128,-1
2334,144,128,-1
2335,144,128,-1
2336,144,128,-1
2337,144,128,-1
2338,144,128,-1
2339,144,128,-1
2340,144,128,-1
2341,144,128,-1
2342,144,128,-1
2343,144,128,-1
2344,144,128,-1
2345,144,128,-1
2346,144,128,-1
2347,144,128,-1
2348,144,128,-1
2349,144,128,-1
2350,144,128,-1
2351,144,128,-1
2352,144,128,-1
2353,144,128,-1
2354,144,128,-1
2355,144,128,-1
2356,144,128,-1
2357,144,128,-1
2358,144,128,-1
2359,144,128,-1
2360,144,128,-1
2361,144,128,-1
2362,144,128,-1
2363,144,128,-1
2364,144,128,-1
2365,144,128,-1
2366,144,128,-1
2367,144,128,-1
2368,144,128,-1
2369,144,128,-1
2370,144,128,-1
2371,144,128,-1
2372,144,128,-1
2373,144,128,-1
2374,144,128,-1
2375,144,128,-1
2376,144,128,-1
2377,144,128,-1
2378,144,128,-1
2379,144,128,-1
2380,144,128,-1
2381,144,128,-1
2382,144,128,-1
2383,144,128,-1
2384,144,128,-1
2385,144,128,-1
2386,144,128,-1
2387,144,128,-1
2388,144,128,-1
2389,144,128,-1
2390,144,128,-1
2391,144,128,-1
2392,144,128,-1
2393,144,128,-1
2394,144,128,-1
2395,144,128,-1
2396,144,128,-1
2397,144,128,-1
2398,144,128,-1
2399,144,128,-1
2400,144,128,-1
2401,144,128,-1
2402,144,128,-1
2403,144,128,-1
2404,144,128,-1
2405,144,128,-1
2406,144,128,-1
2407,144,128,-1
2408,144,128,-1
2409,144,128,-1
2410,144,128,-1
2411,144,128,-1
2412,144,128,-1
2413,144,128,-1
2414,144,128,-1
2415,144,128,-1
2416,144,128,-1
2417,144,128,-1
2418,144,128,-1
2419,144,128,-1
2420,144,128,-1
2421,144,128,-1
2422,144,128,-1
2423,144,128,-1
2424,144,128,-1
2425,144,128,-1
2426,144,128,-1
2427,144,128,-1
2428,144,128,-1
2429,144,128,-1
2430,144,128,-1
2431,144,128,-1
2432,144,128,-1
2433,144,128,-1
2434,144,128,-1
2435,144,128,-1
2436,144,128,-1
2437,144,128,-1
2438,144,128,-1
2439,144,128,-1
2440,144,128,-1
2441,144,128,-1
2442,144,128,-1
2443,144,128,-1
2444,144,128,-1
2445,144,128,-1
2446,144,128,-1
2447,144,128,-1
2448,144,128,-1
2449,144,128,-1
2450,144,128,-1
2451,144,128,-1
2452,144,128,-1
2453,144,128,-1
2454,144,128,-1
2455,144,128,-1
2456,144,128,-1
2457,144,128,-1
2458,144,128,-1
2459,144,128,-1
2460,144,128,-1
2461,144,128,-1
2462,144,128,-1
2463,144,128,-1
2464,144,128,-1
2465,144,128,-1
2466,144,128,-1
2467,144,128,-1
2468,144,128,-1
2469,144,128,-1
2470,144,128,-1
2471,144,128,-1
2472,144,128,-1
2473,144,128,-1
2474,144,128,-1
2475,144,128,-1
2476,144,128,-1
2477,144,128,-1
2478,144,128,-1
2479,144,128,-1
2480,144,128,-1
2481,144,128,-1
2482,144,128,-1
2483,144,128,-1
2484,144,128,-1
2485,144,128,-1
2486,144,128,-1
2487,144,128,-1
2488,144,128,-1
2489,144,128,-1
2490,144,128,-1
2491,144,128,-1
2492,144,128,-1
2493,144,128,-1
2494,144,128,-1
2495,144,128,-1
2496,144,128,-1
2497,144,128,-1
2498,144,128,-1
2499,144,128,-1
2500,144,128,-1
2501,144,128,-1
2502,144,128,-1
2503,144,128,-1
2504,144,128,-1
2505,144,128,-1
2506,144,128,-1
2507,144,128,-1
2508,144,128,-1
2509,144,128,-1
2510,144,128,-1
2511,144,128,-1
2512,144,128,-1
2513,144,128,-1
2514,144,128,-1
2515,144,128,-1
2516,144,128,-1
2517,144,128,-1
2518,144,128,-1
2519,144,128,-1
2520,144,128,-1
2521,144,128,-1
2522,144,128,-1
2523,144,128,-1
2524,144,128,-1
2525,144,128,-1
2526,144,128,-1
2527,144,128,-1
2528,144,128,-1
2529,144,128,-1
2530,144,128,-1
2531,144,128,-1
2532,144,128,-1
2533,144,128,-1
2534,144,128,-1
2535,144,128,-1
2536,144,128,-1
2537,144,128,-1
2538,144,128,-1
2539,144,128,-1
2540,144,128,-1
2541,144,128,-1
2542,144,128,-1
2543,144,128,-1
2544,144,128,-1
2545,144,128,-1
2546,144,128,-1
2547,144,128,-1
2548,144,128,-1
2549,144,128,-1
2550,144,128,-1
2551,144,128,-1
2552,144,128,-1
2553,144,128,-1
2554,144,128,-1
2555,144,128,-1
2556,144,128,-1
2557,144,128,-1
2558,144,128,-1
2559,144,128,-1
2560,144,128,-1
2561,144,128,-1
2562,144,128,-1
2563,144,128,-1
2564,144,128,-1
2565,144,128,-1
2566,144,128,-1
2567,144,128,-1
2568,144,128,-1
2569,144,128,-1
2570,144,128,-1
2571,144,128,-1
2572,144,128,-1
2573,144,128,-1
2574,144,128,-1
2575,144,128,-1
2576,144,128,-1
2577,144,128,-1
2578,144,128,-1
2579,144,128,-1
2580,144,128,-1
2581,144,128,-1
2582,144,128,-1
2583,144,128,-1
2584,144,128,-1
2585,144,128,-1
2586,144,128,-1
2587,144,128,-1
2588,144,128,-1
2589,144,128,-1
2590,144,128,-1
2591,144,128,-1
2592,144,128,-1
2593,144,128,-1
2594,144,128,-1
2595,144,128,-1
2596,144,128,-1
2597,144,128,-1
2598,144,128,-1
2599,144,128,-1
2600,144,128,-1
2601,144,128,-1
2602,144,128,-1
2603,144,128,-1
2604,144,128,-1
2605,144,128,-1
2606,144,128,-1
2607,144,128,-1
2608,144,128,-1
2609,144,128,-1
2610,144,128,-1
2611,144,128,-1
2612,144,128,-1
2613,144,128,-1
2614,144,128,-1
2615,144,128,-1
2616,144,128,-1
2617,144,128,-1
2618,144,128,-1
2619,144,128,-1
2620,144,128,-1
2621,144,128,-1
2622,144,128,-1
2623,144,128,-1
2624,144,128,-1
2625,144,128,-1
2626,144,128,-1
2627,144,128,-1
2628,144,128,-1
2629,144,128,-1
2630,144,128,-1
2631,144,128,-1
2632,144,128,-1
2633,144,128,-1
2634,144,128,-1
2635,144,128,-1
2636,144,128,-1
2637,144,128,-1
2638,144,128,-1
2639,144,128,-1
2640,144,128,-1
2641,144,128,-1
2642,144,128,-1
2643,144,128,-1
2644,144,128,-1
2645,144,128,-1
2646,144,128,-1
2647,144,128,-1
2648,144,128,-1
2649,144,128,-1
2650,144,128,-1
2651,144,128,-1
2652,144,128,-1
2653,144,128,-1
2654,144,128,-1
2655,144,128,-1
2656,144,128,-1
2657,144,128,-1
2658,144,128,-1
2659,144,128,-1
2660,144,128,-1
2661,144,128,-1
2662,144,128,-1
2663,144,128,-1
2664,144,128,-1
2665,144,128,-1
2666,144,128,-1
2667,144,128,-1
2668,144,128,-1
2669,144,128,-1
2670,144,128,-1
2671,144,128,-1
2672,144,128,-1
2673,144,128,-1
2674,144,128,-1
2675,144,128,-1
2676,144,128,-1
2677,144,128,-1
2678,144,128,-1
2679,144,128,-1
2680,144,128,-1
2681,144,128,-1
2682,144,128,-1
2683,144,128,-1
2684,144,128,-1
2685,144,128,-1
2686,144,128,-1
2687,144,128,-1
2688,144,128,-1
2689,144,128,-1
2690,144,128,-1
2691,144,128,-1
2692,144,128,-1
2693,144,128,-1
2694,144,128,-1
2695,144,128,-1
2696,144,128,-1
2697,144,128,-1
2698,144,128,-1
2699,144,128,-1
2700,144,128,-1
2701,144,128,-1
2702,144,128,-1
2703,144,128,-1
2704,144,128,-1
2705,144,128,-1
2706,144,128,-1
2707,144,128,-1
2708,144,128,-1
2709,144,128,-1
2710,144,128,-1
2711,144,128,-1
2712,144,128,-1
2713,144,128,-1
2714,144,128,-1
2715,144,128,-1
2716,144,128,-1
2717,144,128,-1
2718,144,128,-1
2719,144,128,-1
2720,144,128,-1
2721,144,128,-1
2722,144,128,-1
2723,144,128,-1
2724,144,128,-1
2725,144,128,-1
2726,144,128,-1
2727,144,128,-1
2728,144,128,-1
2729,144,128,-1
2730,144,128,-1
2731,144,128,-1
2732,144,128,-1
2733,144,128,-1
2734,144,128,-1
2735,144,128,-1
2736,144,128,-1
2737,144,128,-1
2738,144,128,-1
2739,144,128,-1
2740,144,128,-1
2741,144,128,-1
2742,144,128,-1
2743,144,128,-1
2744,144,128,-1
2745,144,128,-1
2746,144,128,-1
2747,144,128,-1
2748,144,128,-1
2749,144,128,-1
2750,144,128,-1
2751,144,128,-1
2752,144,128,-1
2753,144,128,-1
2754,144,128,-1
2755,144,128,-1
2756,144,128,-1
2757,144,128,-1
2758,144,128,-1
2759,144,128,-1
2760,144,128,-1
2761,144,128,-1
2762,144,128,-1
2763,144,128,-1
2764,144,128,-1
2765,144,128,-1
2766,144,128,-1
2767,144,128,-1
2768,144,128,-1
2769,144,128,-1
2770,144,128,-1
2771,144,128,-1
2772,144,128,-1
2773,144,128,-1
2774,144,128,-1
2775,144,128,-1
2776,144,128,-1
2777,144,128,-1
2778,144,128,-1
2779,144,128,-1
2780,144,128,-1
2781,144,128,-1
2782,144,128,-1
2783,144,128,-1
2784,144,128,-1
2785,144,128,-1
2786,144,128,-1
2787,144,128,-1
2788,144,128,-1
2789,144,128,-1
2790,144,128,-1
2791,144,128,-1
2792,144,128,-1
2793,144,128,-1
2794,144,128,-1
2795,144,128,-1
2796,144,128,-1
2797,144,128,-1
2798,144,128,-1
2799,144,128,-1
2800,144,128,-1
2801,144,128,-1
2802,144,128,-1
2803,144,128,-1
2804,144,128,-1
2805,144,128,-1
2806,144,128,-1
2807,144,128,-1
2808,144,128,-1
2809,144,128,-1
2810,144,128,-1
2811,144,128,-1
2812,144,128,-1
2813,144,128,-1
2814,144,128,-1
2815,144,128,-1
2816,144,128,-1
2817,144,128,-1
2818,144,128,-1
2819,144,128,-1
2820,144,128,-1
2821,144,128,-1
2822,144,128,-1
2823,144,128,-1
2824,144,128,-1
2825,144,128,-1
2826,144,128,-1
2827,144,128,-1
2828,144,128,-1
2829,144,128,-1
2830,144,128,-1
2831,144,128,-1
2832,144,128,-1
2833,144,128,-1
2834,144,128,-1
2835,144,128,-1
2836,144,128,-1
2837,144,128,-1
2838,144,128,-1
2839,144,128,-1
2840,144,128,-1
2841,144,128,-1
2842,144,128,-1
2843,144,128,-1
2844,144,128,-1
2845,144,128,-1
2846,144,128,-1
2847,144,128,-1
2848,144,128,-1
2849,144,128,-1
2850,144,128,-1
2851,144,128,-1
2852,144,128,-1
2853,144,128,-1
2854,144,128,-1
2855,144,128,-1
2856,144,128,-1
2857,144,128,-1
2858,144,128,-1
2859,144,128,-1
2860,144,128,-1
2861,144,128,-1
2862,144,128,-1
2863,144,128,-1
2864,144,128,-1
2865,144,128,-1
2866,144,128,-1
2867,144,128,-1
2868,144,128,-1
2869,144,128,-1
2870,144,128,-1
2871,144,128,-1
2872,144,128,-1
2873,144,128,-1
2874,144,128,-1
2875,144,128,-1
2876,144,128,-1
2877,144,128,-1
2878,144,128,-1
2879,144,128,-1
2880,144,128,-1
2881,144,128,-1
2882,144,128,-1
2883,144,128,-1
2884,144,128,-1
2885,144,128,-1
2886,144,128,-1
2887,144,128,-1
2888,144,128,-1
2889,144,128,-1
2890,144,128,-1
2891,144,128,-1
2892,144,128,-1
2893,144,128,-1
2894,144,128,-1
2895,144,128,-1
2896,144,128,-1
2897,144,128,-1
2898,144,128,-1
2899,144,128,-1
2900,144,128,-1
2901,144,128,-1
2902,144,128,-1
2903,144,128,-1
2904,144,128,-1
2905,144,128,-1
2906,144,128,-1
2907,144,128,-1
2908,144,128,-1
2909,144,128,-1
2910,144,128,-1
2911,144,128,-1
2912,144,128,-1
2913,144,128,-1
2914,144,128,-1
2915,144,128,-1
2916,144,128,-1
2917,144,128,-1
2918,144,128,-1
2919,144,128,-1
2920,144,128,-1
2921,144,128,-1
2922,144,128,-1
2923,144,128,-1
2924,144,128,-1
2925,144,128,-1
2926,144,128,-1
2927,144,128,-1
2928,144,128,-1
2929,144,128,-1
2930,144,128,-1
2931,144,128,-1
2932,144,128,-1
2933,144,128,-1
2934,144,128,-1
2935,144,128,-1
2936,144,128,-1
2937,144,128,-1
2938,144,128,-1
2939,144,128,-1
2940,144,128,-1
2941,144,128,-1
2942,144,128,-1
2943,144,128,-1
2944,144,128,-1
2945,144,128,-1
2946,144,128,-1
2947,144,128,-1
2948,144,128,-1
2949,144,128,-1
2950,144,128,-1
2951,144,128,-1
2952,144,128,-1
2953,144,128,-1
2954,144,128,-1
2955,144,128,-1
2956,144,128,-1
2957,144,128,-1
2958,144,128,-1
2959,144,128,-1
2960,144,128,-1
2961,144,128,-1
2962,144,128,-1
2963,144,128,-1
2964,144,128,-1
2965,144,128,-1
2966,144,128,-1
2967,144,128,-1
2968,144,128,-1
2969,144,128,-1
2970,144,128,-1
2971,144,128,-1
2972,144,128,-1
2973,144,128,-1
2974,144,128,-1
2975,144,128,-1
2976,144,128,-1
2977,144,128,-1
2978,144,128,-1
2979,144,128,-1
2980,144,128,-1
2981,144,128,-1
2982,144,128,-1
2983,144,128,-1
2984,144,128,-1
2985,144,128,-1
2986,144,128,-1
2987,144,128,-1
2988,144,128,-1
2989,144,128,-1
2990,144,128,-1
2991,144,128,-1
2992,144,128,-1
2993,144,128,-1
2994,144,128,-1
2995,144,128,-1
2996,144,128,-1
2997,144,128,-1
2998,144,128,-1
2999,144,128,-1
3000,144,128,-1
3001,144,128,-1
3002,144,128,-1
3003,144,128,-1
3004,144,128,-1
3005,144,128,-1
3006,144,128,-1
3007,144,128,-1
3008,144,128,-1
3009,144,128,-1
3010,144,128,-1
3011,144,128,-1
3012,144,128,-1
3013,144,128,-1
3014,144,128,-1
3015,144,128,-1
3016,144,128,-1
3017,144,128,-1
3018,144,128,-1
3019,144,128,-1
3020,144,128,-1
3021,144,128,-1
3022,144,128,-1
3023,144,128,-1
3024,144,128,-1
3025,144,128,-1
3026,144,128,-1
3027,144,128,-1
3028,144,128,-1
3029,144,128,-1
3030,144,128,-1
3031,144,128,-1
3032,144,128,-1
3033,144,128,-1
3034,144,128,-1
3035,144,128,-1
3036,144,128,-1
3037,144,128,-1
3038,144,128,-1
3039,144,128,-1
3040,144,128,-1
3041,144,128,-1
3042,144,128,-1
3043,144,128,-1
3044,144,128,-1
3045,144,128,-1
3046,144,128,-1
3047,144,128,-1
3048,144,128,-1
3049,144,128,-1
3050,144,128,-1
3051,144,128,-1
3052,144,128,-1
3053,144,128,-1
3054,144,128,-1
3055,144,128,-1
3056,144,128,-1
3057,144,128,-1
3058,144,128,-1
3059,144,128,-1
3060,144,128,-1
3061,144,128,-1
3062,144,128,-1
3063,144,128,-1
3064,144,128,-1
3065,144,128,-1
3066,144,128,-1
3067,144,128,-1
3068,144,128,-1
3069,144,128,-1
3070,144,128,-1
3071,144,128,-1
3072,144,128,-1
3073,144,128,-1
3074,144,128,-1
3075,144,128,-1
3076,144,128,-1
3077,144,128,-1
3078,144,128,-1
3079,144,128,-1
3080,144,128,-1
3081,144,128,-1
3082,144,128,-1
3083,144,128,-1
3084,144,128,-1
3085,144,128,-1
3086,144,128,-1
3087,144,128,-1
3088,144,128,-1
3089,144,128,-1
3090,144,128,-1
3091,144,128,-1
3092,144,128,-1
3093,144,128,-1
3094,144,128,-1
3095,144,128,-1
3096,144,128,-1
3097,144,128,-1
3098,144,128,-1
3099,144,128,-1
3100,144,128,-1
3101,144,128,-1
3102,144,128,-1
3103,144,128,-1
3104,144,128,-1
3105,144,128,-1
3106,144,128,-1
3107,144,128,-1
3108,144,128,-1
3109,144,128,-1
3110,144,128,-1
3111,144,128,-1
3112,144,128,-1
3113,144,128,-1
3114,144,128,-1
3115,144,128,-1
3116,144,128,-1
3117,144,128,-1
3118,144,128,-1
3119,144,128,-1
3120,144,128,-1
3121,144,128,-1
3122,144,128,-1
3123,144,128,-1
3124,144,128,-1
3125,144,128,-1
3126,144,128,-1
3127,144,128,-1
3128,144,128,-1
3129,144,128,-1
3130,144,128,-1
3131,144,128,-1
3132,144,128,-1
3133,144,128,-1
3134,144,128,-1
3135,144,128,-1
3136,144,128,-1
3137,144,128,-1
3138,144,128,-1
3139,144,128,-1
3140,144,128,-1
3141,144,128,-1
3142,144,128,-1
3143,144,128,-1
3144,144,128,-1
3145,144,128,-1
3146,144,128,-1
3147,144,128,-1
3148,144,128,-1
3149,144,128,-1
3150,144,128,-1
3151,144,128,-1
3152,144,128,-1
3153,144,128,-1
3154,144,128,-1
3155,144,128,-1
3156,144,128,-1
3157,144,128,-1
3158,144,128,-1
3159,144,128,-1
3160,144,128,-1
3161,144,128,-1
3162,144,128,-1
3163,144,128,-1
3164,144,128,-1
3165,144,128,-1
3166,144,128,-1
3167,144,128,-1
3168,144,128,-1
3169,144,128,-1
3170,144,128,-1
3171,144,128,-1
3172,144,128,-1
3173,144,128,-1
3174,144,128,-1
3175,144,128,-1
3176,144,128,-1
3177,144,128,-1
3178,144,128,-1
3179,144,128,-1
3180,144,128,-1
3181,144,128,-1
3182,144,128,-1
3183,144,128,-1
3184,144,128,-1
3185,144,128,-1
3186,144,128,-1
3187,144,128,-1
3188,144,128,-1
3189,144,128,-1
3190,144,128,-1
3191,144,128,-1
3192,144,128,-1
3193,144,128,-1
3194,144,128,-1
3195,144,128,-1
3196,144,128,-1
3197,144,128,-1
3198,144,128,-1
3199,144,128,-1
3200,144,128,-1
3201,144,128,-1
3202,144,128,-1
3203,144,128,-1
3204,144,128,-1
3205,144,128,-1
3206,144,128,-1
3207,144,128,-1
3208,144,128,-1
3209,144,128,-1
3210,144,128,-1
3211,144,128,-1
3212,144,128,-1
3213,144,128,-1
3214,144,128,-1
3215,144,128,-1
3216,144,128,-1
3217,144,128,-1
3218,144,128,-1
3219,144,128,-1
3220,144,128,-1
3221,144,128,-1
3222,144,128,-1
3223,144,128,-1
3224,144,128,-1
3225,144,128,-1
3226,144,128,-1
3227,144,128,-1
3228,144,128,-1
3229,144,128,-1
3230,144,128,-1
3231,144,128,-1
3232,144,128,-1
3233,144,128,-1
3234,144,128,-1
3235,144,128,-1
3236,144,128,-1
3237,144,128,-1
3238,144,128,-1
3239,144,128,-1
3240,144,128,-1
3241,144,128,-1
3242,144,128,-1
3243,144,128,-1
3244,144,128,-1
3245,144,128,-1
3246,144,128,-1
3247,144,128,-1
3248,144,128,-1
3249,144,128,-1
3250,144,128,-1
3251,144,128,-1
3252,144,128,-1
3253,144,128,-1
3254,144,128,-1
3255,144,128,-1
3256,144,128,-1
3257,144,128,-1
3258,144,128,-1
3259,144,128,-1
3260,144,128,-1
3261,144,128,-1
3262,144,128,-1
3263,144,128,-1
3264,144,128,-1
3265,144,128,-1
3266,144,128,-1
3267,144,128,-1
3268,144,128,-1
3269,144,128,-1
3270,144,128,-1
3271,144,128,-1
3272,144,128,-1
3273,144,128,-1
3274,144,128,-1
3275,144,128,-1
3276,144,128,-1
3277,144,128,-1
3278,144,128,-1
3279,144,128,-1
3280,144,128,-1
3281,144,128,-1
3282,144,128,-1
3283,144,128,-1
3284,144,128,-1
3285,144,128,-1
3286,144,128,-1
3287,144,128,-1
3288,144,128,-1
3289,144,128,-1
3290,144,128,-1
3291,144,128,-1
3292,144,128,-1
3293,144,128,-1
3294,144,128,-1
3295,144,128,-1
3296,144,128,-1
3297,144,128,-1
3298,144,128,-1
3299,144,128,-1
3300,144,128,-1
3301,144,128,-1
3302,144,128,-1
3303,144,128,-1
3304,144,128,-1
3305,144,128,-1
3306,144,128,-1
3307,144,128,-1
3308,144,128,-1
3309,144,128,-1
3310,144,128,-1
3311,144,128,-1
3312,144,128,-1
3313,144,128,-1
3314,144,128,-1
3315,144,128,-1
3316,144,128,-1
3317,144,128,-1
3318,144,128,-1
3319,144,128,-1
3320,144,128,-1
3321,144,128,-1
3322,144,128,-1
3323,144,128,-1
3324,144,128,-1
3325,144,128,-1
3326,144,128,-1
3327,144,128,-1
3328,144,128,-1
3329,144,128,-1
3330,144,128,-1
3331,144,128,-1
3332,144,128,-1
3333,144,128,-1
3334,144,128,-1
3335,144,128,-1
3336,144,128,-1
3337,144,128,-1
3338,144,128,-1
3339,144,128,-1
3340,144,128,-1
3341,144,128,-1
3342,144,128,-1
3343,144,128,-1
3344,144,128,-1
3345,144,128,-1
3346,144,128,-1
3347,144,128,-1
3348,144,128,-1
3349,144,128,-1
3350,144,128,-1
3351,144,128,-1
3352,144,128,-1
3353,144,128,-1
3354,144,128,-1
3355,144,128,-1
3356,144,128,-1
3357,144,128,-1
3358,144,128,-1
3359,144,128,-1
3360,144,128,-1
3361,144,128,-1
3362,144,128,-1
3363,144,128,-1
3364,144,128,-1
3365,144,128,-1
3366,144,128,-1
3367,144,128,-1
3368,144,128,-1
3369,144,128,-1
3370,144,128,-1
3371,144,128,-1
3372,144,128,-1
3373,144,128,-1
3374,144,128,-1
3375,144,128,-1
3376,144,128,-1
3377,144,128,-1
3378,144,128,-1
3379,144,128,-1
3380,144,128,-1
3381,144,128,-1
3382,144,128,-1
3383,144,128,-1
3384,144,128,-1
3385,144,128,-1
3386,144,128,-1
3387,144,128,-1
3388,144,128,-1
3389,144,128,-1
3390,144,128,-1
3391,144,128,-1
3392,144,128,-1
3393,144,128,-1
3394,144,128,-1
3395,144,128,-1
3396,144,128,-1
3397,144,128,-1
3398,144,128,-1
3399,144,128,-1
3400,144,128,-1
3401,144,128,-1
3402,144,128,-1
3403,144,128,-1
3404,144,128,-1
3405,144,128,-1
3406,144,128,-1
3407,144,128,-1
3408,144,128,-1
3409,144,128,-1
3410,144,128,-1
3411,144,128,-1
3412,144,128,-1
3413,144,128,-1
3414,144,128,-1
3415,144,128,-1
3416,144,128,-1
3417,144,128,-1
3418,144,128,-1
3419,144,128,-1
3420,144,128,-1
3421,144,128,-1
3422,144,128,-1
3423,144,128,-1
3424,144,128,-1
3425,144,128,-1
3426,144,128,-1
3427,144,128,-1
3428,144,128,-1
3429,144,128,-1
3430,144,128,-1
3431,144,128,-1
3432,144,128,-1
3433,144,128,-1
3434,144,128,-1
3435,144,128,-1
3436,144,128,-1
3437,144,128,-1
3438,144,128,-1
3439,144,128,-1
3440,144,128,-1
3441,144,128,-1
3442,144,128,-1
3443,144,128,-1
3444,144,128,-1
3445,144,128,-1
3446,144,128,-1
3447,144,128,-1
3448,144,128,-1
3449,144,128,-1
3450,144,128,-1
3451,144,128,-1
3452,144,128,-1
3453,144,128,-1
3454,144,128,-1
3455,144,128,-1
3456,144,128,-1
3457,144,128,-1
3458,144,128,-1
3459,144,128,-1
3460,144,128,-1
3461,144,128,-1
3462,144,128,-1
3463,144,128,-1
3464,144,128,-1
3465,144,128,-1
3466,144,128,-1
3467,144,128,-1
3468,144,128,-1
3469,144,128,-1
3470,144,128,-1
3471,144,128,-1
3472,144,128,-1
3473,144,128,-1
3474,144,128,-1
3475,144,128,-1
3476,144,128,-1
3477,144,128,-1
3478,144,128,-1
3479,144,128,-1
3480,144,128,-1
3481,144,128,-1
3482,144,128,-1
3483,144,128,-1
3484,144,128,-1
3485,144,128,-1
3486,144,128,-1
3487,144,128,-1
3488,144,128,-1
3489,144,128,-1
3490,144,128,-1
3491,144,128,-1
3492,144,128,-1
3493,144,128,-1
3494,144,128,-1
3495,144,128,-1
3496,144,128,-1
3497,144,128,-1
3498,144,128,-1
3499,144,128,-1
3500,144,128,-1
3501,144,128,-1
3502,144,128,-1
3503,144,128,-1
3504,144,128,-1
3505,144,128,-1
3506,144,128,-1
3507,144,128,-1
3508,144,128,-1
3509,144,128,-1
3510,144,128,-1
3511,144,128,-1
3512,144,128,-1
3513,144,128,-1
3514,144,128,-1
3515,144,128,-1
3516,144,128,-1
3517,144,128,-1
3518,144,128,-1
3519,144,128,-1
3520,144,128,-1
3521,144,128,-1
3522,144,128,-1
3523,144,128,-1
3524,144,128,-1
3525,144,128,-1
3526,144,128,-1
3527,144,128,-1
3528,144,128,-1
3529,144,128,-1
3530,144,128,-1
3531,144,128,-1
3532,144,128,-1
3533,144,128,-1
3534,144,128,-1
3535,144,128,-1
3536,144,128,-1
3537,144,128,-1
3538,144,128,-1
3539,144,128,-1
3540,144,128,-1
3541,144,128,-1
3542,144,128,-1
3543,144,128,-1
3544,144,128,-1
3545,144,128,-1
3546,144,128,-1
3547,144,128,-1
3548,144,128,-1
3549,144,128,-1
3550,144,128,-1
3551,144,128,-1
3552,144,128,-1
3553,144,128,-1
3554,144,128,-1
3555,144,128,-1
3556,144,128,-1
3557,144,128,-1
3558,144,128,-1
3559,144,128,-1
3560,144,128,-1
3561,144,128,-1
3562,144,128,-1
3563,144,128,-1
3564,144,128,-1
3565,144,128,-1
3566,144,128,-1
3567,144,128,-1
3568,144,128,-1
3569,144,128,-1
3570,144,128,-1
3571,144,128,-1
3572,144,128,-1
3573,144,128,-1
3574,144,128,-1
3575,144,128,-1
3576,144,128,-1
3577,144,128,-1
3578,144,128,-1
3579,144,128,-1
3580,144,128,-1
3581,144,128,-1
3582,144,128,-1
3583,144,128,-1
3584,144,128,-1
3585,144,128,-1
3586,144,128,-1
3587,144,128,-1
3588,144,128,-1
3589,144,128,-1
3590,144,128,-1
3591,144,128,-1
3592,144,128,-1
3593,144,128,-1
3594,144,128,-1
3595,144,128,-1
3596,144,128,-1
3597,144,128,-1
3598,144,128,-1
3599,144,128,-1
3600,144,128,-1
3601,144,128,-1
